Barcode_ID	Protein	Position	Alleles
J0010103_1412	CRT	76	T,K
J0010103_1412	DHFR	108	N
J0010103_1412	DHPS	437	G
J0010103_1412	MDR1	86	N
J0010107_1506	DHFR	108	N
J0010107_1511	CRT	76	K
J0010107_1511	DHFR	108	N
J0010107_1511	DHPS	437	A
J0010112_1511	DHFR	108	N
J0010112_1511	DHPS	437	A
J0010129_1412	DHFR	108	S
J0010129_1412	DHPS	437	G
J0020202_1412	DHPS	437	G
J0020208_1412	DHFR	108	S
J0020208_1412	DHPS	437	G
J0020301_1412	DHFR	108	N
J0020301_1412	DHPS	437	A
J0020302_1506	CRT	76	T
J0020302_1506	DHFR	108	N
J0020302_1506	DHPS	437	G
J0020302_1506	MDR1	86	Y
J0020310_1512	DHPS	437	A
J0020313_1412	CRT	76	K
J0020313_1412	DHFR	108	N
J0020313_1412	MDR1	86	N
J0020317_1412	DHFR	108	N
J0020322_1511	DHFR	108	N
J0020322_1511	DHPS	437	A
J0030406_1701	CRT	76	T
J0030406_1701	DHFR	108	N
J0030406_1701	DHPS	437	A
J0030406_1701	MDR1	86	Y
J0030406_1702	CRT	76	T
J0030406_1702	DHPS	437	G
J0030406_1702	MDR1	86	Y
J0030406_1704	CRT	76	T
J0030406_1704	MDR1	86	Y
J0030406_1705	CRT	76	T
J0030406_1705	DHFR	108	N
J0030406_1705	DHPS	437	A
J0030406_1705	MDR1	86	Y
J0030407_1512	DHFR	108	N
J0030407_1512	DHPS	437	G
J0030409_1610	CRT	76	T
J0030409_1610	DHFR	108	N
J0030409_1610	MDR1	86	N
J0030417_1412	CRT	76	T
J0030417_1412	DHFR	108	N
J0030417_1412	DHPS	437	A
J0030417_1412	MDR1	86	N
J0040504_1511	DHFR	108	N
J0050605_1511	DHFR	108	N
J0050605_1511	DHPS	437	G
J0050607_1412	CRT	76	T
J0050607_1412	DHFR	108	N
J0050607_1412	DHPS	437	G
J0050607_1412	MDR1	86	N
J0050611_1611	CRT	76	T
J0050611_1611	DHFR	108	N
J0050611_1611	DHPS	437	A
J0050611_1611	MDR1	86	Y
J0050616_1512	CRT	76	T
J0050616_1512	DHFR	108	N
J0050616_1512	DHPS	437	A
J0050616_1512	MDR1	86	N
J0050617_1611	CRT	76	T
J0050617_1611	DHFR	108	N
J0050617_1611	DHPS	437	A
J0050617_1611	MDR1	86	N
J0050618_1610	CRT	76	T
J0050618_1610	DHFR	108	N
J0060701_1511	CRT	76	T
J0060701_1511	DHFR	108	N
J0060701_1511	DHPS	437	A
J0070804_1610	CRT	76	K
J0070804_1610	DHFR	108	N
J0080906_1511	CRT	76	T
J0080906_1511	DHFR	108	N
J0080906_1511	DHPS	437	A
J0080906_1511	MDR1	86	N
J0091005_1603	CRT	76	T
J0091005_1603	DHFR	108	N
J0091005_1603	DHPS	437	A
J0091005_1603	MDR1	86	N
J0101103_1701	CRT	76	T
J0101103_1701	DHFR	108	N
J0101103_1701	MDR1	86	N
J0101103_1702	CRT	76	T
J0101103_1702	MDR1	86	N
J0101103_1703	CRT	76	T
J0101103_1703	DHFR	108	S
J0101103_1703	MDR1	86	N
J0101103_1704	DHFR	108	N
J0101103_1704	DHPS	437	A
J0101103_1705	DHPS	437	A
J0101103_1705	MDR1	86	N
J0111208_1610	CRT	76	T
J0111208_1610	MDR1	86	Y
J0111209_1412	CRT	76	K
J0111209_1412	DHFR	108	N
J0111209_1412	DHPS	437	G
J0111211_1412	CRT	76	K
J0111211_1412	DHFR	108	N
J0111211_1412	DHPS	437	G
J0121309_1412	DHPS	437	G
J0131404_1511	CRT	76	K
J0131404_1511	DHFR	108	N
J0131404_1511	DHPS	437	G
J0131404_1511	MDR1	86	N
J0131406_1512	DHFR	108	N
J0131406_1512	DHPS	437	G
J0131406_1512	MDR1	86	N
J0141502_1412	DHFR	108	S
J0141502_1412	DHPS	437	G
J0141503_1511	CRT	76	T
J0141503_1511	DHFR	108	N
J0141503_1511	DHPS	437	G
J0141503_1511	MDR1	86	Y
J0141506_1506	CRT	76	K
J0141506_1506	DHFR	108	N
J0141506_1506	DHPS	437	G
J0141506_1506	MDR1	86	N
J0141506_1511	CRT	76	T,K
J0141506_1511	DHFR	108	N
J0141506_1511	DHPS	437	G
J0141509_1412	DHFR	108	N
J0141509_1412	DHPS	437	G
J0141509_1412	MDR1	86	N
J0151608_1701	CRT	76	T
J0151608_1701	DHFR	108	N
J0151608_1701	DHPS	437	A
J0151608_1701	MDR1	86	Y
J0151608_1703	MDR1	86	N
J0151608_1704	DHFR	108	S
J0151608_1704	DHPS	437	A
J0151608_1704	MDR1	86	N
J0151609_1512	DHFR	108	N
J0151609_1512	DHPS	437	A
J0151616_1412	DHFR	108	N
J0151616_1412	DHPS	437	G
J0151616_1412	MDR1	86	N
J0161702_1603	CRT	76	K
J0161702_1603	DHFR	108	N
J0161702_1603	DHPS	437	A
J0161702_1603	MDR1	86	N
J0161706_1412	DHFR	108	S
J0161706_1412	DHPS	437	G
J0161708_1412	DHPS	437	G
J0161708_1412	MDR1	86	N
J0161710_1412	DHFR	108	S
J0161710_1412	DHPS	437	G
J0161711_1603	CRT	76	T
J0161711_1603	DHFR	108	N
J0161711_1603	DHPS	437	G
J0161711_1603	MDR1	86	N
J0171802_1611	DHFR	108	N
J0171802_1611	DHPS	437	A
J0171802_1611	MDR1	86	N
J0171803_1511	CRT	76	K
J0171803_1511	DHFR	108	N
J0171803_1511	DHPS	437	A
J0171804_1412	DHFR	108	S
J0171804_1610	CRT	76	K
J0171804_1610	DHFR	108	N
J0171804_1610	MDR1	86	N
J0171805_1611	CRT	76	T
J0171805_1611	DHFR	108	N
J0171805_1611	DHPS	437	A
J0171805_1611	MDR1	86	N
J0171806_1511	DHFR	108	N
J0171806_1511	DHPS	437	G
J0181910_1511	DHFR	108	N
J0181911_1611	CRT	76	T
J0181911_1611	DHFR	108	N
J0181911_1611	MDR1	86	Y
J0181912_1412	DHFR	108	S
J0202102_1412	DHFR	108	N
J0202107_1412	DHFR	108	N
J0202107_1412	DHPS	437	G
J0202107_1412	MDR1	86	N
J0212203_1412	DHFR	108	N
J0212203_1412	DHPS	437	G
J0212203_1412	MDR1	86	Y
J0212204_1412	DHPS	437	G
J0212204_1412	MDR1	86	N
J0222301_1511	CRT	76	T
J0222301_1511	DHFR	108	N
J0222301_1511	DHPS	437	G
J0232404_1511	DHFR	108	N
J0232404_1511	DHPS	437	G
J0232404_1511	MDR1	86	N
J0232410_1511	DHPS	437	G
J0242509_1611	CRT	76	K
J0242509_1611	DHFR	108	N
J0242509_1611	DHPS	437	A
J0242509_1611	MDR1	86	N
J0242517_1611	CRT	76	T
J0242517_1611	DHFR	108	N
J0242517_1611	MDR1	86	N
J0242520_1412	DHFR	108	N
J0242520_1412	DHPS	437	G
J0242520_1412	MDR1	86	N
J0252609_1412	CRT	76	K
J0252609_1412	DHFR	108	N
J0252609_1412	DHPS	437	G
J0252609_1412	MDR1	86	N
J0252610_1611	DHFR	108	N
J0252610_1611	DHPS	437	A
J0252620_1511	CRT	76	K
J0252620_1511	DHFR	108	N
J0252620_1511	DHPS	437	G
J0262707_1412	CRT	76	T
J0262707_1412	DHFR	108	N
J0262707_1412	DHPS	437	A
J0262707_1412	MDR1	86	N
J0262707_1506	CRT	76	T,K
J0262707_1506	DHFR	108	N
J0262707_1506	DHPS	437	A
J0262710_1511	CRT	76	K
J0262710_1511	DHFR	108	N
J0262710_1511	DHPS	437	A
J0262712_1412	DHPS	437	G
J0262712_1412	MDR1	86	N
J0262723_1511	CRT	76	K
J0262723_1511	DHFR	108	N
J0262723_1511	DHPS	437	G
J0262723_1511	MDR1	86	N
J0262731_1412	CRT	76	T
J0262731_1412	DHFR	108	N
J0262731_1412	DHPS	437	A
J0262731_1412	MDR1	86	N
J0262741_1412	DHFR	108	N
J0262741_1412	DHPS	437	G
J0262744_1611	DHFR	108	N
J0262744_1611	MDR1	86	N
J0272802_1412	CRT	76	K
J0272802_1412	DHFR	108	N
J0272802_1412	DHPS	437	G
J0272802_1412	MDR1	86	N
J0272803_1512	CRT	76	T
J0272803_1512	DHFR	108	N
J0272803_1512	DHPS	437	G
J0272804_1511	CRT	76	T
J0272804_1511	DHFR	108	N
J0272804_1511	DHPS	437	A
J0272804_1511	MDR1	86	N
J0272809_1611	CRT	76	K
J0272809_1611	DHFR	108	N
J0272809_1611	DHPS	437	G
J0272809_1611	MDR1	86	N
J0272809_1612	CRT	76	K
J0272809_1612	DHFR	108	N
J0272809_1612	DHPS	437	A
J0272809_1612	MDR1	86	N
J0272812_1611	DHFR	108	N
J0272812_1611	DHPS	437	A
J0272812_1611	MDR1	86	N
J0272813_1610	CRT	76	K
J0272813_1610	DHFR	108	N
J0272813_1610	DHPS	437	A
J0272813_1612	MDR1	86	N
J0272813_1701	CRT	76	K
J0272813_1701	MDR1	86	N
J0272813_1702	CRT	76	K
J0272813_1702	DHFR	108	N
J0272813_1702	DHPS	437	A
J0272813_1702	MDR1	86	N
J0272813_1703	DHFR	108	N
J0272813_1703	DHPS	437	A
J0272813_1703	MDR1	86	N
J0272813_1704	CRT	76	K
J0272813_1704	DHFR	108	N
J0272813_1704	MDR1	86	N
J0272813_1705	DHFR	108	N
J0272813_1705	MDR1	86	N
J0272815_1611	CRT	76	K
J0272815_1611	DHFR	108	N
J0272815_1611	DHPS	437	A
J0272815_1611	MDR1	86	N
J0272815_1701	CRT	76	K
J0272815_1701	DHFR	108	N
J0272815_1701	DHPS	437	A
J0272815_1701	MDR1	86	N
J0272815_1702	CRT	76	K
J0272815_1702	DHFR	108	N
J0272815_1702	DHPS	437	A
J0272815_1702	MDR1	86	N
J0272815_1703	DHFR	108	N
J0272815_1703	MDR1	86	N
J0272815_1704	CRT	76	K
J0272815_1704	DHPS	437	A
J0272815_1704	MDR1	86	N
J0272815_1705	CRT	76	K
J0272815_1705	DHPS	437	A
J0272815_1705	MDR1	86	N
J0282915_1511	CRT	76	T
J0282915_1511	DHFR	108	N
J0282915_1511	DHPS	437	A
J0282916_1701	CRT	76	T,K
J0282916_1701	DHFR	108	N
J0282916_1701	DHPS	437	A
J0282916_1702	CRT	76	T
J0282916_1702	DHPS	437	A
J0282916_1702	MDR1	86	Y
J0282916_1703	CRT	76	K
J0282916_1703	DHFR	108	N
J0282916_1703	DHPS	437	A
J0282916_1704	DHFR	108	N
J0282916_1704	DHPS	437	A
J0282916_1704	MDR1	86	Y
J0282916_1705	CRT	76	T
J0282916_1705	DHFR	108	N
J0282916_1705	DHPS	437	A
K0010101_1611	DHFR	108	N
K0010101_1611	MDR1	86	N
K0010105_1412	DHFR	108	N
K0010105_1412	DHPS	437	G
K0010105_1412	MDR1	86	Y
K0010105_1504	CRT	76	K
K0010105_1504	DHFR	108	N
K0010105_1504	DHPS	437	G
K0010105_1504	MDR1	86	N
K0010105_1506	CRT	76	K
K0010105_1506	DHFR	108	N
K0010105_1506	DHPS	437	G
K0010105_1506	MDR1	86	N
K0010105_1607	DHFR	108	N
K0010105_1607	DHPS	437	G
K0020203_1511	CRT	76	T
K0020203_1511	DHFR	108	N
K0020203_1511	DHPS	437	G
K0020204_1512	CRT	76	K
K0020204_1512	DHFR	108	N
K0020204_1512	DHPS	437	A
K0020204_1512	MDR1	86	N
K0022008_1512	CRT	76	T
K0022008_1512	DHFR	108	N
K0022008_1512	DHPS	437	A
K0022008_1512	MDR1	86	N
K0030301_1504	CRT	76	T
K0030301_1504	DHFR	108	N
K0030301_1504	DHPS	437	A
K0030301_1504	MDR1	86	N
K0030302_1511	DHFR	108	N
K0030302_1511	DHPS	437	A
K0030302_1511	MDR1	86	N
K0030302_1512	CRT	76	T
K0030302_1512	DHFR	108	N
K0030302_1512	DHPS	437	A
K0030302_1512	MDR1	86	N
K0030302_1610	CRT	76	T
K0030302_1610	DHFR	108	N
K0030302_1610	DHPS	437	A
K0030302_1610	MDR1	86	N
K0030302_1611	CRT	76	T
K0030302_1611	DHPS	437	A
K0030302_1611	MDR1	86	N
K0030302_1612	DHFR	108	N
K0030302_1612	MDR1	86	N
K0030303_1511	CRT	76	K
K0030303_1511	DHFR	108	N
K0030303_1511	DHPS	437	A
K0030303_1512	CRT	76	K
K0030303_1512	DHFR	108	N
K0030303_1512	DHPS	437	G
K0030303_1512	MDR1	86	N
K0030303_1603	CRT	76	K
K0030303_1603	DHFR	108	N
K0030303_1603	DHPS	437	A
K0030303_1603	MDR1	86	N
K0030303_1605	CRT	76	K
K0030303_1605	DHFR	108	N
K0030303_1605	DHPS	437	A
K0030303_1605	MDR1	86	N
K0030303_1607	CRT	76	K
K0030303_1607	DHFR	108	N
K0030303_1607	DHPS	437	A
K0030303_1607	MDR1	86	N
K0030303_1612	CRT	76	T
K0030303_1612	DHPS	437	A
K0030303_1612	MDR1	86	N
K0050502_1512	CRT	76	K
K0050502_1512	DHFR	108	N
K0050502_1512	DHPS	437	A
K0050508_1603	CRT	76	K
K0050508_1603	DHFR	108	N
K0050508_1603	DHPS	437	A
K0050512_1611	CRT	76	T
K0050512_1611	DHPS	437	A
K0050512_1611	MDR1	86	N
K0050516_1511	CRT	76	T
K0050516_1511	DHFR	108	N
K0050516_1511	DHPS	437	A
K0060609_1511	DHPS	437	A
K0060609_1605	DHFR	108	N
K0060609_1605	DHPS	437	A
K0060609_1605	MDR1	86	N
K0060614_1511	DHFR	108	N
K0060614_1511	DHPS	437	G
K0060614_1511	MDR1	86	N
K0060617_1511	CRT	76	K
K0060617_1511	DHPS	437	A
K0060617_1511	MDR1	86	N
K0060617_1512	CRT	76	K
K0060617_1512	DHPS	437	A
K0060617_1512	MDR1	86	N
K0060617_1603	DHPS	437	A
K0060617_1603	MDR1	86	N
K0060617_1605	CRT	76	K
K0060617_1605	DHPS	437	A
K0060617_1605	MDR1	86	N
K0060617_1607	DHPS	437	A
K0070713_1610	CRT	76	T
K0070713_1610	DHFR	108	N
K0070714_1611	CRT	76	T
K0070714_1611	DHFR	108	N
K0070714_1611	DHPS	437	A
K0070714_1611	MDR1	86	N
K0080809_1612	CRT	76	T
K0080809_1612	DHFR	108	N
K0080809_1612	DHPS	437	A
K0080809_1702	CRT	76	T
K0080809_1702	DHFR	108	N
K0080809_1702	DHPS	437	A
K0090902_1607	CRT	76	T
K0090902_1607	DHFR	108	S
K0090902_1607	DHPS	437	A
K0090903_1511	CRT	76	K
K0090903_1511	DHFR	108	N
K0090903_1511	DHPS	437	G
K0090903_1511	MDR1	86	N
K0090903_1512	CRT	76	K
K0090903_1512	DHFR	108	N
K0090903_1512	DHPS	437	G
K0090903_1512	MDR1	86	N
K0090903_1603	DHFR	108	N
K0090903_1603	DHPS	437	G
K0090903_1603	MDR1	86	N
K0090903_1605	DHFR	108	N
K0090903_1605	DHPS	437	G
K0090903_1605	MDR1	86	N
K0090903_1607	DHFR	108	N
K0090903_1607	DHPS	437	G
K0090903_1607	MDR1	86	N
K0090903_1610	CRT	76	K
K0090903_1610	DHFR	108	N
K0090903_1610	DHPS	437	G
K0090903_1610	MDR1	86	N
K0090905_1607	DHFR	108	N
K0090905_1607	DHPS	437	G
K0090906_1504	DHFR	108	N
K0090906_1504	MDR1	86	N
K0090906_1506	CRT	76	K
K0090906_1506	DHFR	108	N
K0090906_1506	DHPS	437	A
K0101005_1512	CRT	76	K
K0101005_1512	DHFR	108	S
K0101005_1512	DHPS	437	A
K0101005_1512	MDR1	86	N
K0101005_1702	DHFR	108	N
K0101007_1412	CRT	76	T
K0101007_1412	DHFR	108	N
K0101007_1412	DHPS	437	A
K0101007_1412	MDR1	86	N
K0111111_1611	CRT	76	T
K0111111_1611	DHFR	108	N
K0111111_1611	DHPS	437	A
K0111111_1611	MDR1	86	N
K0121209_1412	DHFR	108	S
K0121209_1412	DHPS	437	G
K0141403_1504	CRT	76	T
K0141403_1504	DHFR	108	N
K0141403_1504	DHPS	437	A
K0141403_1504	MDR1	86	N
K0141403_1506	CRT	76	T
K0141403_1506	DHFR	108	N
K0141403_1506	DHPS	437	A
K0141403_1506	MDR1	86	N
K0141403_1511	CRT	76	T
K0141403_1511	DHFR	108	N
K0141403_1511	DHPS	437	A
K0141403_1511	MDR1	86	N
K0141403_1512	CRT	76	K
K0141403_1512	DHFR	108	N
K0141403_1512	DHPS	437	A
K0141403_1512	MDR1	86	N
K0141404_1511	DHFR	108	N
K0141404_1511	DHPS	437	A
K0151503_1412	DHFR	108	N
K0151503_1412	DHPS	437	A
K0151503_1412	MDR1	86	N
K0151508_1612	CRT	76	T
K0151508_1612	DHFR	108	N
K0151508_1612	DHPS	437	A
K0151509_1610	DHFR	108	N
K0151509_1610	DHPS	437	G
K0151509_1610	MDR1	86	Y
K0151511_1610	CRT	76	T
K0151511_1610	DHPS	437	A
K0151512_1412	DHPS	437	G
K0161621_1506	DHPS	437	A
K0171707_1412	DHFR	108	N
K0171707_1412	MDR1	86	N
K0171716_1612	CRT	76	T
K0171716_1612	DHFR	108	N
K0171716_1612	DHPS	437	A
K0171716_1612	MDR1	86	N
K0171716_1701	DHFR	108	N
K0171716_1701	DHPS	437	A
K0171716_1701	MDR1	86	N
K0171716_1702	CRT	76	T
K0171716_1702	DHPS	437	A
K0171716_1702	MDR1	86	N
K0171716_1703	CRT	76	T
K0171716_1703	DHPS	437	A
K0171716_1703	MDR1	86	N
K0171719_1701	CRT	76	T
K0171719_1701	DHFR	108	N
K0171719_1705	CRT	76	K
K0171719_1705	DHPS	437	G
K0171722_1512	CRT	76	T
K0171722_1512	DHFR	108	N
K0171722_1512	DHPS	437	A
K0171722_1512	MDR1	86	N
K0171723_1412	MDR1	86	N
K0171724_1611	CRT	76	T
K0171724_1611	DHFR	108	N
K0171728_1512	CRT	76	K
K0171728_1512	DHFR	108	N
K0171728_1512	DHPS	437	A
K0171728_1512	MDR1	86	N
K0171728_1605	CRT	76	K
K0171728_1605	DHFR	108	N
K0171728_1605	DHPS	437	A
K0171728_1605	MDR1	86	N
K0171730_1603	CRT	76	T
K0171730_1603	DHFR	108	N
K0171730_1603	DHPS	437	A
K0171730_1603	MDR1	86	N
K0171732_1511	DHFR	108	N
K0171732_1511	DHPS	437	G
K0171732_1511	MDR1	86	N
K0171732_1512	CRT	76	T
K0171732_1512	DHFR	108	N
K0171732_1512	DHPS	437	G
K0171732_1512	MDR1	86	Y
K0171732_1612	CRT	76	T
K0171732_1612	DHFR	108	N
K0171732_1612	MDR1	86	N
K0171738_1412	CRT	76	T
K0171738_1412	DHFR	108	N
K0171738_1412	DHPS	437	G
K0171738_1412	MDR1	86	N
K0171742_1701	DHFR	108	N
K0181809_1512	CRT	76	K
K0181809_1512	DHFR	108	S
K0181809_1512	DHPS	437	A
K0181809_1512	MDR1	86	N
K0181810_1412	DHFR	108	S
K0181810_1412	MDR1	86	N
K0181810_1612	CRT	76	K
K0181810_1612	DHFR	108	N
K0181810_1612	MDR1	86	N
K0181810_1705	CRT	76	T
K0181810_1705	DHFR	108	N
K0181810_1705	MDR1	86	N
K0191907_1511	DHFR	108	N
K0191907_1511	DHPS	437	G
K0202002_1512	CRT	76	T
K0202002_1512	DHFR	108	S
K0202002_1512	DHPS	437	G
K0202002_1512	MDR1	86	N
K0202008_1605	CRT	76	T
K0202008_1605	DHFR	108	N
K0202008_1605	DHPS	437	G
K0202008_1605	MDR1	86	Y
K0212102_1512	CRT	76	T
K0212102_1512	DHFR	108	S
K0212102_1512	DHPS	437	G
K0212102_1512	MDR1	86	N
K0212109_1504	CRT	76	K
K0212109_1504	DHFR	108	N
K0212109_1504	DHPS	437	A
K0212109_1504	MDR1	86	N
K0212109_1506	CRT	76	K
K0212109_1506	DHFR	108	N
K0212109_1506	DHPS	437	A
K0212109_1506	MDR1	86	N
K0212110_1512	CRT	76	K
K0212110_1512	DHFR	108	N
K0212110_1512	DHPS	437	A
K0212110_1512	MDR1	86	N
K0212205_1603	DHFR	108	N
K0212205_1603	DHPS	437	A
K0222204_1506	DHPS	437	G
K0222208_1611	DHFR	108	N
K0222208_1611	DHPS	437	A
K0222208_1611	MDR1	86	Y
K0222213_1612	CRT	76	T
K0222213_1612	DHFR	108	N
K0222213_1612	MDR1	86	N
K0222213_1701	CRT	76	T
K0222213_1701	MDR1	86	N
K0222213_1702	CRT	76	T
K0222213_1702	DHFR	108	N
K0222213_1702	DHPS	437	A
K0222213_1702	MDR1	86	Y
K0222213_1705	CRT	76	T
K0222213_1705	DHFR	108	N
K0222213_1705	DHPS	437	A
K0232412_1612	CRT	76	T
K0232412_1612	DHFR	108	N
K0232412_1612	MDR1	86	N
K0232412_1701	DHFR	108	N
K0232412_1703	DHFR	108	N
K0232412_1703	DHPS	437	G
K0232412_1703	MDR1	86	N
K0232412_1704	CRT	76	T
K0232412_1704	DHFR	108	N
K0232412_1704	DHPS	437	A
K0232412_1704	MDR1	86	N
K0232412_1705	CRT	76	T
K0232412_1705	DHFR	108	N
K0232412_1705	DHPS	437	A
K0232412_1705	MDR1	86	N
K0242508_1412	DHPS	437	A
K0242508_1512	CRT	76	K
K0242508_1512	DHFR	108	N
K0242508_1512	DHPS	437	G
K0242508_1512	MDR1	86	N
K0242508_1605	CRT	76	K
K0242508_1605	DHFR	108	N
K0242508_1605	DHPS	437	A
K0242508_1605	MDR1	86	N
K0242508_1607	DHFR	108	N
K0242508_1607	MDR1	86	N
K0242512_1607	MDR1	86	N
K0242515_1412	DHPS	437	A
K0252706_1506	DHFR	108	N
K0252706_1506	DHPS	437	A
K0252713_1512	DHFR	108	S
K0252713_1512	DHPS	437	G
K0252717_1511	CRT	76	T
K0252717_1511	DHFR	108	N
K0252717_1511	DHPS	437	G
K0252717_1512	CRT	76	T
K0252717_1512	DHFR	108	N
K0252717_1512	DHPS	437	G
K0252717_1512	MDR1	86	Y
K0252724_1412	DHFR	108	N
K0252724_1412	DHPS	437	G
K0252805_1506	CRT	76	T
K0252805_1506	DHFR	108	N
K0252805_1506	DHPS	437	G
K0252808_1611	CRT	76	K
K0252808_1611	MDR1	86	N
K0252808_1701	CRT	76	T
K0252808_1701	DHPS	437	A
K0252808_1701	MDR1	86	N
K0252808_1702	DHFR	108	N
K0252808_1702	DHPS	437	A
K0252808_1702	MDR1	86	N
K0262902_1511	CRT	76	K
K0262902_1511	DHFR	108	N
K0262902_1511	DHPS	437	G
K0262902_1511	MDR1	86	N
K0262913_1611	CRT	76	T
K0262913_1611	DHFR	108	N
K0262913_1611	DHPS	437	A
K0262913_1611	MDR1	86	N
K0262922_1612	CRT	76	T
K0262922_1612	DHFR	108	N
K0262922_1612	MDR1	86	N
K0262922_1701	CRT	76	K
K0262922_1702	CRT	76	T
K0262922_1702	DHFR	108	N
K0262922_1702	DHPS	437	A
K0262922_1702	MDR1	86	N
K0262922_1703	CRT	76	T
K0262922_1703	DHFR	108	N
K0262922_1703	DHPS	437	A
K0262922_1703	MDR1	86	N
K0262922_1704	CRT	76	T
K0262922_1704	DHFR	108	N
K0262922_1704	DHPS	437	A
K0262922_1704	MDR1	86	N
K0262922_1705	CRT	76	T
K0262922_1705	MDR1	86	N
K0262932_1611	DHFR	108	N
K0262932_1611	DHPS	437	A
K0262932_1611	MDR1	86	Y
K0262935_1612	CRT	76	T
K0262935_1612	DHFR	108	N
K0262935_1612	DHPS	437	A
K0262935_1612	MDR1	86	N
K0262935_1702	CRT	76	T
K0262935_1702	DHFR	108	N
K0262935_1702	DHPS	437	A
K0262940_1511	CRT	76	T
K0262940_1511	DHFR	108	N
K0262940_1511	DHPS	437	A
K0262940_1511	MDR1	86	Y
K0262940_1512	CRT	76	T
K0262940_1512	DHFR	108	N
K0262940_1512	DHPS	437	A
K0262940_1512	MDR1	86	Y
K0262940_1603	CRT	76	T
K0262940_1603	DHFR	108	N
K0262940_1603	DHPS	437	A
K0262940_1603	MDR1	86	Y
K0262940_1605	CRT	76	T
K0262940_1605	DHFR	108	N
K0262940_1605	DHPS	437	A
K0262940_1605	MDR1	86	Y
K0262940_1612	CRT	76	T
K0262940_1612	DHFR	108	N
K0262940_1612	DHPS	437	A
K0262940_1701	CRT	76	T
K0262940_1701	MDR1	86	N
K0262940_1702	CRT	76	T
K0262940_1702	DHPS	437	A
K0262940_1702	MDR1	86	Y
K0262940_1703	CRT	76	T
K0262940_1703	DHFR	108	N
K0262940_1703	DHPS	437	A
K0262940_1703	MDR1	86	Y
K0262940_1704	CRT	76	T
K0262940_1704	DHPS	437	A
K0262940_1704	MDR1	86	N
K0262941_1702	CRT	76	T
K0262941_1702	DHFR	108	N
K0262941_1702	DHPS	437	A
K0262941_1705	DHPS	437	A
K0263004_1511	CRT	76	K
K0263004_1511	DHFR	108	N
K0263004_1511	DHPS	437	G
K0263004_1511	MDR1	86	N
K0263004_1512	CRT	76	K
K0263004_1512	DHFR	108	N
K0263004_1512	DHPS	437	G
K0263004_1512	MDR1	86	N
K0263004_1603	CRT	76	K
K0263004_1603	DHFR	108	N
K0263004_1603	DHPS	437	G
K0263004_1603	MDR1	86	N
K0263008_1612	CRT	76	T
K0263008_1612	DHFR	108	N
K0263008_1612	DHPS	437	A
K0263008_1612	MDR1	86	N
K0263008_1702	CRT	76	T
K0263008_1702	DHFR	108	N
K0263008_1702	DHPS	437	A
K0263008_1702	MDR1	86	N
K0263008_1703	CRT	76	T
K0263008_1703	DHFR	108	N
K0263008_1703	DHPS	437	A
K0263008_1703	MDR1	86	N
K0263008_1704	CRT	76	T
K0263008_1704	DHPS	437	A
K0263008_1704	MDR1	86	N
K0263008_1705	CRT	76	T
K0263008_1705	DHFR	108	N
K0263008_1705	DHPS	437	A
K0263008_1705	MDR1	86	N
K0263111_1612	CRT	76	K
K0263111_1612	DHFR	108	N
K0263111_1612	MDR1	86	N
K0263111_1705	CRT	76	T
K0263111_1705	DHFR	108	N
K0263111_1705	DHPS	437	A
K0273207_1511	CRT	76	T
K0273207_1511	DHFR	108	N
K0273207_1511	DHPS	437	A
K0273207_1605	CRT	76	T
K0273207_1605	DHFR	108	N
K0273207_1605	DHPS	437	A
K0283310_1511	CRT	76	T
K0283310_1511	DHFR	108	S
K0283310_1511	DHPS	437	A
K0283310_1511	MDR1	86	N
K0283406_1512	CRT	76	T
K0283406_1512	DHFR	108	N
K0283406_1512	MDR1	86	N
K0303507_1603	CRT	76	T
K0303507_1603	DHFR	108	N
K0303507_1603	DHPS	437	G
K0303507_1605	CRT	76	K
K0303507_1605	DHFR	108	N
K0303507_1605	DHPS	437	A
K0303507_1605	MDR1	86	N
K0303507_1607	DHFR	108	N
K0303507_1607	DHPS	437	A
K0303507_1607	MDR1	86	N
K0323702_1611	CRT	76	T
K0323702_1611	DHFR	108	N
K0323702_1611	DHPS	437	A
K0323702_1611	MDR1	86	N
K0323703_1701	DHFR	108	N
K0323703_1701	DHPS	437	A
K0323703_1701	MDR1	86	N
K0323703_1704	DHPS	437	A
K0323705_1506	DHFR	108	N
K0323705_1506	DHPS	437	G
K0323717_1412	DHPS	437	G
K0323719_1511	CRT	76	K
K0323719_1511	DHFR	108	N
K0323719_1511	DHPS	437	G
K0323719_1511	MDR1	86	N
K0323725_1511	CRT	76	T
K0323725_1511	DHFR	108	N
K0323725_1511	DHPS	437	A
K0323725_1511	MDR1	86	N
K0323730_1511	CRT	76	T
K0323730_1511	DHFR	108	N
K0323730_1511	DHPS	437	A
K0344010_1511	DHPS	437	G
K0344032_1512	CRT	76	K
K0344032_1512	DHFR	108	N
K0344032_1512	DHPS	437	A
K0344032_1512	MDR1	86	N
K0344102_1511	CRT	76	K
K0344102_1511	DHFR	108	N
K0344102_1511	DHPS	437	A
K0344110_1506	DHPS	437	G
K0344111_1511	CRT	76	T
K0344111_1511	DHFR	108	N
K0344111_1511	DHPS	437	G
K0344111_1511	MDR1	86	Y
K0364309_1511	DHFR	108	N
K0364309_1511	DHPS	437	A
K0364311_1511	CRT	76	K
K0364311_1511	DHFR	108	N
K0364311_1511	DHPS	437	G
K0364311_1511	MDR1	86	N
K0364312_1511	DHFR	108	N
K0364312_1607	CRT	76	K
K0364312_1607	DHPS	437	A
K0364312_1607	MDR1	86	N
K0364312_1612	CRT	76	T
K0364312_1612	DHFR	108	N
K0364312_1612	DHPS	437	A
K0364312_1612	MDR1	86	N
K0364314_1612	DHFR	108	N
K0364314_1612	DHPS	437	A
K0364314_1612	MDR1	86	N
K0364314_1701	CRT	76	T
K0364314_1701	DHFR	108	N
K0364314_1701	DHPS	437	A
K0364314_1701	MDR1	86	N
K0364319_1511	CRT	76	T
K0364319_1511	DHFR	108	S
K0364319_1511	DHPS	437	G
K0364319_1511	MDR1	86	N
K0364319_1612	CRT	76	T
K0364319_1612	DHFR	108	N
K0364319_1612	DHPS	437	A
K0364319_1612	MDR1	86	N
K0364320_1506	CRT	76	K
K0364320_1506	DHFR	108	N
K0364320_1506	DHPS	437	A
K0364324_1612	CRT	76	T
K0364324_1612	DHFR	108	N
K0364324_1612	DHPS	437	A
K0364324_1701	CRT	76	T
K0364324_1701	MDR1	86	N
K0364329_1511	CRT	76	T
K0364329_1511	DHFR	108	N
K0364329_1511	DHPS	437	G
K0364329_1511	MDR1	86	N
K0374406_1612	CRT	76	T
K0374406_1612	DHFR	108	N
K0374406_1612	DHPS	437	A
K0374406_1612	MDR1	86	N
K0374406_1701	DHFR	108	N
K0374406_1702	CRT	76	T
K0374406_1702	DHFR	108	N
K0374406_1702	DHPS	437	A
K0374406_1705	CRT	76	K
K0374406_1705	DHFR	108	N
K0374406_1705	DHPS	437	A
K0374406_1705	MDR1	86	N
K0374408_1412	CRT	76	T,K
K0374408_1412	DHFR	108	N
K0374408_1412	DHPS	437	A
K0374413_1611	DHFR	108	N
K0374413_1611	DHPS	437	A
K0374413_1611	MDR1	86	N
K0374502_1412	CRT	76	T
K0374502_1412	DHFR	108	N
K0374502_1412	DHPS	437	A
K0374502_1412	MDR1	86	N
K0374502_1612	DHPS	437	A
K0374502_1612	MDR1	86	N
K0374502_1705	CRT	76	T
K0374502_1705	DHPS	437	A
K0374502_1705	MDR1	86	N
K0384601_1701	DHPS	437	A
K0384601_1701	MDR1	86	Y
K0384601_1702	CRT	76	K
K0384601_1702	DHPS	437	A
K0384602_1512	CRT	76	K
K0384602_1512	DHFR	108	N
K0384602_1512	DHPS	437	A
K0384602_1512	MDR1	86	N
K0384604_1511	CRT	76	K
K0384604_1511	DHFR	108	N
K0384604_1511	DHPS	437	G
K0384611_1612	CRT	76	T
K0384611_1612	DHFR	108	N
K0384611_1612	DHPS	437	A
K0384611_1612	MDR1	86	Y
K0384611_1701	CRT	76	K
K0384611_1701	DHPS	437	A
K0384611_1701	MDR1	86	Y
K0384611_1702	CRT	76	K
K0384611_1702	DHPS	437	A
K0384611_1702	MDR1	86	Y
K0394906_1611	CRT	76	T
K0394906_1611	DHFR	108	N
K0394906_1611	DHPS	437	A
K0394906_1611	MDR1	86	N
K0394917_1611	DHFR	108	N
K0394917_1611	DHPS	437	A
K0394923_1610	CRT	76	T
K0394923_1610	DHFR	108	N
K0394923_1610	MDR1	86	N
K0394934_1610	CRT	76	T
K0394934_1610	DHFR	108	N
K0394934_1610	DHPS	437	G
K0394934_1610	MDR1	86	N
K0394938_1611	CRT	76	T
K0394938_1611	DHFR	108	N
K0394938_1611	DHPS	437	A
K0394938_1611	MDR1	86	N
K0405016_1611	CRT	76	T
K0405016_1611	DHFR	108	N
K0405016_1611	MDR1	86	N
K0415108_1701	CRT	76	T
K0415108_1701	MDR1	86	N
K0415108_1702	CRT	76	T
K0415108_1702	DHPS	437	A
K0415108_1702	MDR1	86	N
K0415109_1603	CRT	76	T
K0415109_1603	DHPS	437	A
K0415109_1603	MDR1	86	N
K0425208_1512	CRT	76	T
K0425208_1512	DHFR	108	N
K0425208_1512	DHPS	437	G
K0425208_1512	MDR1	86	Y
K0425208_1605	CRT	76	T,K
K0425208_1605	DHFR	108	N
K0425216_1511	DHFR	108	N
K0425216_1511	DHPS	437	G
N0050505_1610	CRT	76	T
N0050505_1610	DHPS	437	A
N0111111_1607	DHFR	108	N
N0111111_1607	DHPS	437	G
N0111111_1607	MDR1	86	N
N0111112_1610	DHFR	108	N
N0111112_1610	DHPS	437	A
N0111114_1611	CRT	76	K
N0111114_1611	DHFR	108	N
N0111114_1611	DHPS	437	A
N0111114_1611	MDR1	86	N
N0121205_1611	DHFR	108	N
N0121205_1611	MDR1	86	N
N0131303_1612	CRT	76	K
N0131303_1612	DHPS	437	A
N0131303_1701	CRT	76	T
N0131303_1701	DHFR	108	N
N0131303_1701	MDR1	86	N
N0131303_1703	CRT	76	T
N0131303_1703	DHFR	108	N
N0131303_1705	CRT	76	T
N0131303_1705	DHFR	108	N
N0131303_1705	DHPS	437	A
N0131310_1611	DHPS	437	A
N0131318_1611	DHPS	437	A
N0131318_1611	MDR1	86	N
N0131318_1701	CRT	76	T,K
N0131318_1701	DHPS	437	A
N0131318_1701	MDR1	86	Y
N0131323_1610	CRT	76	T
N0131323_1610	DHFR	108	N
N0131323_1610	DHPS	437	A
N0131323_1610	MDR1	86	N
N0141403_1612	CRT	76	T
N0141403_1612	DHFR	108	N
N0141403_1612	MDR1	86	N
P0010104_1611	DHFR	108	N
P0010104_1611	DHPS	437	A
P0010104_1611	MDR1	86	N
P0010112_1611	CRT	76	T
P0010112_1611	DHFR	108	N
P0010112_1611	DHPS	437	A
P0010116_1607	CRT	76	K
P0010116_1607	DHFR	108	N
P0010116_1607	DHPS	437	A
P0010116_1607	MDR1	86	N
P0010121_1607	CRT	76	K
P0010121_1607	DHFR	108	N
P0010121_1607	DHPS	437	A
P0010121_1607	MDR1	86	N
P0010121_1611	DHFR	108	N
P0010121_1611	DHPS	437	A
P0010123_1610	CRT	76	T
P0010123_1610	DHFR	108	N
P0010123_1610	MDR1	86	Y
P0010126_1611	CRT	76	T
P0010126_1611	DHFR	108	N
P0010126_1611	DHPS	437	G
P0010127_1610	CRT	76	K
P0010127_1610	DHFR	108	N
P0010127_1610	DHPS	437	A
P0010127_1610	MDR1	86	N
P0010137_1610	DHFR	108	N
P0010137_1610	MDR1	86	N
P0020206_1607	DHPS	437	G
P0020206_1701	CRT	76	T
P0020206_1701	DHPS	437	A
P0020206_1701	MDR1	86	N
P0020206_1702	CRT	76	T
P0020206_1702	DHPS	437	A
P0020206_1702	MDR1	86	N
P0020206_1703	CRT	76	T
P0020206_1703	DHFR	108	N
P0020206_1703	DHPS	437	A
P0020206_1703	MDR1	86	N
P0020206_1704	CRT	76	T
P0020206_1704	DHFR	108	N
P0020206_1704	DHPS	437	A
P0020206_1704	MDR1	86	N
P0020206_1705	CRT	76	T
P0020206_1705	DHFR	108	N
P0020206_1705	DHPS	437	A
P0020206_1705	MDR1	86	N
P0020208_1607	CRT	76	T
P0020208_1607	DHFR	108	N
P0020208_1607	DHPS	437	G
P0020208_1607	MDR1	86	N
P0020213_1612	CRT	76	K
P0020213_1612	DHPS	437	A
P0020213_1612	MDR1	86	N
P0020213_1701	CRT	76	K
P0020213_1701	DHFR	108	N
P0020213_1701	DHPS	437	A
P0020213_1701	MDR1	86	N
P0020213_1704	DHPS	437	A
P0020213_1704	MDR1	86	N
P0020213_1705	CRT	76	K
P0020213_1705	DHPS	437	A
P0020213_1705	MDR1	86	N
P0020214_1607	DHFR	108	N
P0020214_1607	DHPS	437	A
P0020214_1607	MDR1	86	N
P0020214_1612	CRT	76	T
P0020214_1701	CRT	76	T
P0020214_1701	DHFR	108	N
P0020214_1701	MDR1	86	N
P0020215_1607	CRT	76	T
P0020215_1607	DHFR	108	N
P0020215_1607	DHPS	437	A
P0020215_1612	DHPS	437	A
P0020215_1612	MDR1	86	N
P0020215_1701	CRT	76	T
P0020215_1701	DHPS	437	A
P0020215_1701	MDR1	86	N
P0030304_1607	CRT	76	T
P0030304_1607	DHFR	108	N
P0030304_1607	DHPS	437	A
P0050504_1611	CRT	76	T
P0050504_1611	DHFR	108	N
P0050504_1611	MDR1	86	N
P0050505_1611	DHFR	108	N
P0050514_1611	CRT	76	T
P0050514_1611	DHFR	108	N
P0050514_1611	DHPS	437	A
P0050514_1611	MDR1	86	N
P0050519_1701	DHFR	108	N
P0050519_1701	DHPS	437	A
P0050519_1701	MDR1	86	N
P0050519_1703	CRT	76	T
P0050519_1703	DHFR	108	S
P0050519_1703	DHPS	437	A
P0050519_1703	MDR1	86	N
P0050519_1704	CRT	76	T
P0050519_1704	DHFR	108	N
P0050519_1704	DHPS	437	A
P0050519_1704	MDR1	86	N
P0050519_1705	CRT	76	T
P0050519_1705	DHFR	108	N
P0050519_1705	DHPS	437	A
P0050519_1705	MDR1	86	N
P0060606_1607	CRT	76	K
P0060606_1607	DHFR	108	N
P0060606_1607	DHPS	437	A
P0060606_1607	MDR1	86	N
P0060609_1611	DHFR	108	N
P0060609_1611	DHPS	437	A
P0060609_1611	MDR1	86	N
P0060616_1611	DHFR	108	N
P0060616_1611	MDR1	86	N
P0060620_1611	CRT	76	T
P0060620_1611	DHFR	108	N
P0060620_1611	DHPS	437	A
P0060620_1611	MDR1	86	N
P0060622_1611	CRT	76	T
P0060622_1611	DHFR	108	N
P0060622_1611	DHPS	437	A
P0060622_1611	MDR1	86	N
P0060623_1607	DHFR	108	S
P0060623_1607	DHPS	437	A
P0060623_1612	CRT	76	T
P0060623_1612	DHFR	108	N
P0060623_1612	DHPS	437	A
P0060623_1612	MDR1	86	N
P0060623_1701	CRT	76	T
P0060623_1701	DHPS	437	A
P0060623_1702	CRT	76	T
P0060623_1702	DHPS	437	A
P0060623_1702	MDR1	86	N
P0060623_1703	CRT	76	T
P0060623_1703	DHFR	108	N
P0060623_1703	DHPS	437	A
P0060623_1703	MDR1	86	N
P0060623_1704	CRT	76	T
P0060623_1704	DHFR	108	N
P0060623_1704	DHPS	437	A
P0060623_1704	MDR1	86	N
P0060623_1705	CRT	76	T
P0060623_1705	DHPS	437	A
P0060623_1705	MDR1	86	N
P0070701_1611	CRT	76	T
P0070701_1611	MDR1	86	N
P0070705_1611	CRT	76	T
P0070705_1611	DHFR	108	N
P0070705_1611	DHPS	437	A
P0070705_1611	MDR1	86	N
P0070707_1610	CRT	76	K
P0070707_1610	DHFR	108	N
P0070710_1607	DHFR	108	N
P0070710_1607	DHPS	437	A
P0070710_1607	MDR1	86	N
P0070711_1611	CRT	76	T
P0070711_1611	DHPS	437	A
P0070722_1612	CRT	76	T
P0070722_1612	DHFR	108	N
P0070722_1612	DHPS	437	A
P0070722_1612	MDR1	86	N
P0070722_1701	CRT	76	T
P0070722_1701	DHPS	437	A
P0070722_1701	MDR1	86	N
P0070722_1702	CRT	76	T
P0070722_1702	DHPS	437	A
P0070722_1702	MDR1	86	N
P0070724_1610	DHPS	437	A
P0080805_1612	CRT	76	K
P0080805_1612	DHPS	437	G
P0080805_1612	MDR1	86	N
P0080805_1701	DHPS	437	A
P0080805_1701	MDR1	86	N
P0080805_1702	CRT	76	K
P0080805_1702	DHFR	108	N
P0080805_1702	DHPS	437	A
P0080805_1702	MDR1	86	N
P0080805_1704	CRT	76	K
P0080805_1704	DHFR	108	S
P0080805_1704	DHPS	437	A
P0080805_1704	MDR1	86	N
P0080805_1705	CRT	76	K
P0080805_1705	DHFR	108	N
P0080805_1705	MDR1	86	N
P0080811_1701	DHFR	108	N
P0080811_1701	MDR1	86	N
P0080811_1703	CRT	76	K
P0080811_1703	DHFR	108	N
P0080811_1703	DHPS	437	A
P0080811_1704	DHPS	437	A
P0080811_1704	MDR1	86	N
P0080824_1607	CRT	76	T
P0080824_1607	DHFR	108	N
P0080824_1607	DHPS	437	A
P0080824_1607	MDR1	86	N
P0080835_1705	CRT	76	T
P0080835_1705	DHFR	108	N
P0080835_1705	DHPS	437	A
P0080836_1612	CRT	76	T
P0080836_1612	DHPS	437	A
P0080836_1612	MDR1	86	N
P0080836_1701	CRT	76	T
P0080836_1701	MDR1	86	N
P0080840_1611	DHFR	108	N
P0080842_1607	CRT	76	K
P0080842_1607	DHFR	108	N
P0080842_1607	DHPS	437	A
P0080842_1607	MDR1	86	N
P0080842_1612	CRT	76	T
P0080842_1612	DHPS	437	A
P0080842_1612	MDR1	86	N
P0080842_1701	DHPS	437	A
P0080842_1701	MDR1	86	N
P0080842_1703	CRT	76	T
P0080842_1703	DHFR	108	N
P0080842_1703	DHPS	437	A
P0080842_1703	MDR1	86	N
P0080842_1704	CRT	76	T
P0080842_1704	DHFR	108	N
P0080842_1704	DHPS	437	A
P0080842_1704	MDR1	86	N
P0080842_1705	DHPS	437	A
P0080842_1705	MDR1	86	N
P0080843_1611	CRT	76	T
P0080843_1611	DHFR	108	N
P0080843_1611	DHPS	437	A
P0080843_1611	MDR1	86	N
P0080854_1611	CRT	76	T
P0080854_1611	DHFR	108	N
P0080854_1611	MDR1	86	N
P0080857_1702	CRT	76	T
P0080857_1702	DHFR	108	N
P0080857_1702	DHPS	437	A
P0080857_1702	MDR1	86	N
P0080858_1607	CRT	76	T
P0080858_1607	DHFR	108	N
P0080858_1607	DHPS	437	G
P0080858_1607	MDR1	86	N
P0080867_1607	DHFR	108	N
P0080867_1607	DHPS	437	A
P0080867_1607	MDR1	86	N
P0080880_1612	CRT	76	T
P0080880_1612	DHPS	437	A
P0080880_1612	MDR1	86	N
P0080880_1702	CRT	76	T
P0080880_1702	DHFR	108	N
P0080880_1702	DHPS	437	A
P0090904_1610	DHFR	108	N
P0090904_1610	DHPS	437	A
P0090907_1701	CRT	76	T
P0090907_1701	DHPS	437	A
P0111104_1611	CRT	76	T
P0111104_1611	DHFR	108	N
P0111104_1611	DHPS	437	A
P0111104_1611	MDR1	86	N
P0111105_1701	CRT	76	T
P0111105_1701	DHFR	108	N
P0111105_1701	MDR1	86	N
P0111106_1611	CRT	76	T
P0111106_1611	DHFR	108	N
P0111106_1611	DHPS	437	A
P0111106_1611	MDR1	86	N
P0121204_1612	CRT	76	K
P0121204_1612	MDR1	86	N
P0121204_1701	CRT	76	K
P0121204_1701	MDR1	86	N
P0121204_1703	DHFR	108	N
P0121204_1703	MDR1	86	N
P0121204_1704	DHPS	437	A
P0121204_1704	MDR1	86	N
P0121204_1705	CRT	76	K
P0121204_1705	DHPS	437	A
P0121204_1705	MDR1	86	N
