Chromosome	Position	Gene	AA
Pf3D7_04_v3	748409	PF3D7_0417200	108
Pf3D7_04_v3	748410	PF3D7_0417200	108
Pf3D7_04_v3	748411	PF3D7_0417200	108
Pf3D7_05_v3	958147	PF3D7_0523000	86
Pf3D7_05_v3	958146	PF3D7_0523000	86
Pf3D7_05_v3	958145	PF3D7_0523000	86
Pf3D7_06_v3	1215234	PF3D7_0629500	258
Pf3D7_06_v3	1215232	PF3D7_0629500	258
Pf3D7_06_v3	1215233	PF3D7_0629500	258
Pf3D7_07_v3	403625	PF3D7_0709000	76
Pf3D7_07_v3	403626	PF3D7_0709000	76
Pf3D7_07_v3	403624	PF3D7_0709000	76
Pf3D7_08_v3	549686	PF3D7_0810800	437
Pf3D7_08_v3	549685	PF3D7_0810800	437
Pf3D7_08_v3	549684	PF3D7_0810800	437
Pf3D7_13_v3	1725260	PF3D7_1343700	580
Pf3D7_13_v3	1725259	PF3D7_1343700	580
Pf3D7_13_v3	1725258	PF3D7_1343700	580
