CHROM	POS	J0020311_1412	K0242518_1412	J0262707_1412	J0050605_1412	J0050607_1412	J0262731_1412	J0111201_1412	J0020316_1412	J0262732_1412	J0192001_1412	J0010103_1412	J0010125_1412	J0101102_1412	J0272805_1412	J0050619_1412	J0010113_1412	J0272803_1412	K0283320_1506	K0090901_1506	K0252715_1506	K0161601_1506	K0252805_1506	K0050504_1506	K0323717_1506	K0415107_1506	J0020208_1506	K0263001_1506	K0252706_1506	J0010118_1506	J0232404_1506	J0242505_1506	J0010121_1506	K0323713_1506	K0252612_1506	K0323714_1506	J0181908_1506	J0262707_1506	J0030407_1506	J0181910_1506	J0010107_1506	K0344103_1506	K0344109_1506	J0181902_1506	J0151604_1506	J0060703_1506	J0010119_1506	J0181906_1506	J0242512_1506	K0323705_1506	K0010105_1506	K0374408_1506	J0171803_1506	K0020202_1506	J0272810_1506	J0020302_1506	K0010102_1506	K0394923_1506	K0161621_1506	K0374408_1412	K0171738_1412	K0374502_1412	K0101007_1412	J0060701_1504	K0060610_1504	K0141403_1504	K0030301_1504	K0222202_1504	K0020202_1504	K0262940_1512	K0141403_1512	K0090903_1512	K0212110_1512	K0263004_1512	K0202002_1512	K0252713_1512	K0283406_1512	K0344032_1512	K0171728_1512	K0171732_1512	K0022008_1512	K0212102_1512	K0425208_1512	K0050502_1512	K0030302_1512	K0181809_1512	K0171722_1512	K0030303_1512	K0101005_1512	K0252717_1512	K0060617_1512	J0272803_1512	J0131406_1512	K0060617_1603	K0090903_1605	K0030303_1605	K0364311_1511	K0263004_1511	J0272804_1511	J0131403_1511	K0141403_1511	J0050605_1511	K0364319_1511	K0364309_1511	J0282915_1511	K0384604_1511	K0364323_1511	K0252613_1511	K0262940_1511	K0191907_1511	K0425216_1511	J0232404_1511	J0141503_1511	J0060701_1511	J0171806_1511	J0020322_1511	J0262723_1511	J0181910_1511	K0262902_1511	J0151612_1511	K0384602_1512	J0030407_1512	K0030302_1610	J0030409_1610	J0050618_1610	J0272813_1610	J0171804_1610	J0111208_1610	J0070804_1610	P0010111_1610	P0070707_1610	P0010137_1610	P0090904_1610	P0010127_1610	P0010123_1610	N0131323_1610	N0050505_1610	N0131320_1610	K0252808_1611	K0010101_1611	K0030302_1611	J0010117_1611	J0050607_1611	J0272809_1611	J0272813_1611	J0272815_1611	J0171803_1611	J0252610_1611	P0010126_1611	P0010121_1611	P0070711_1611	K0070709_1611	P0050505_1611	J0111208_1611	J0091005_1611	N0131310_1611	N0131318_1611	J0242517_1611	P0080854_1611	P0080840_1611	P0080843_1611	K0222208_1611	P0060609_1611	K0111111_1611	K0394906_1611	K0262913_1611	K0050512_1611	K0394938_1611	P0111104_1611	P0070705_1611	J0050611_1611	P0050504_1611	K0374413_1611	J0272812_1611	K0405016_1611	P0111106_1611	J0242509_1611	P0050514_1611	P0010104_1611	K0323702_1611	P0060616_1611	P0060622_1611	P0060620_1611	J0171805_1611	J0171802_1611	J0181911_1611	J0050617_1611	K0070714_1611	K0222201_1612	K0262935_1612	K0262922_1612	K0263008_1612	K0222213_1612	K0374406_1612	K0364319_1612	K0080809_1612	K0030303_1612	K0374502_1612	P0090907_1612	P0060623_1612	P0070722_1612	P0080802_1612	K0171716_1612	P0080842_1612	P0080805_1612	P0080836_1612	P0080880_1612	P0111105_1612	N0131303_1612	N0131318_1612	P0020213_1612	N0141403_1612	J0272813_1612	J0272809_1612	K0263008_1701	K0262935_1701	K0374406_1701	K0232412_1701	K0101005_1701	K0364324_1701	K0364314_1701	K0080809_1701	K0384611_1701	K0384601_1701	K0323703_1701	P0020213_1701	P0121204_1701	P0020214_1701	P0020215_1701	P0070722_1701	P0080842_1701	P0060623_1701	P0080806_1701	P0080802_1701	P0080835_1701	P0020206_1701	P0080811_1701	P0080805_1701	P0050519_1701	P0080880_1701	J0222302_1701	J0282916_1701	P0090907_1701	P0080836_1701	K0222213_1701	J0272813_1701	J0272815_1701	J0151608_1701	J0101103_1701	N0131303_1701	K0252808_1701	K0171716_1701	K0171719_1701	J0030406_1701	P0111105_1701	K0415108_1701	K0262941_1702	K0262935_1702	K0222213_1702	K0263008_1702	K0262922_1702	K0263111_1702	K0262940_1702	K0101005_1702	K0374406_1702	P0121204_1702	P0080811_1702	P0080802_1702	P0080857_1702	P0020206_1702	K0080809_1702	K0384601_1702	K0384611_1702	P0080805_1702	P0080880_1702	J0101103_1702	J0282916_1702	P0060623_1702	P0070722_1702	J0272813_1702	J0030406_1702	J0272815_1702	K0415108_1702	K0171716_1702	K0252808_1702	K0171719_1702	K0263008_1704	K0262940_1704	K0262922_1704	K0323703_1704	P0080842_1704	K0232412_1704	P0020206_1704	P0020213_1704	P0121204_1704	P0080857_1704	P0050519_1704	J0272813_1704	J0272815_1704	P0080811_1704	N0131318_1704	P0080805_1704	P0060623_1704	J0282916_1704	J0030406_1704	K0384611_1704	J0101103_1704	K0263008_1705	K0262922_1705	P0020206_1705	P0020213_1705	P0080811_1705	P0080857_1705	P0121204_1705	P0080842_1705	P0060623_1705	P0080805_1705	K0384611_1705	J0272813_1705	J0101103_1705	J0272815_1705	J0282916_1705	P0050519_1705	K0181810_1705	N0131303_1705	J0030406_1705	K0222213_1705	P0080802_1705	P0080806_1705	P0080835_1705	K0263008_1703	K0262940_1703	K0262922_1703	K0232412_1703	P0121204_1703	P0070722_1703	P0060623_1703	P0080842_1703	P0020206_1703	P0050519_1703	P0080857_1703	P0080811_1703	J0282916_1703	J0272815_1703	J0272813_1703	J0101103_1703	K0171716_1703	J0151608_1703	N0131318_1703	K0090903_1607	P0030304_1607	P0070710_1607	K0364312_1607
Pf3D7_04_v3	748410	0,0,0	0,0,0	0,106,0	0,0,0	0,72,0	0,31,0	19,0,0	0,0,0	0,0,0	1,0,0	0,67,0	2,0,0	13,0,0	0,0,0	0,0,0	1,0,0	0,0,0	1,0,0	1,0,0	0,0,0	0,0,0	0,0,0	0,0,0	0,0,0	0,0,0	0,0,0	0,0,0	0,0,0	0,0,0	0,0,0	0,0,0	0,0,0	1,0,0	0,0,0	0,0,0	0,0,0	0,0,0	0,0,0	0,0,0	0,0,0	0,0,0	0,0,0	0,0,0	0,0,0	0,0,0	0,0,0	0,0,0	1,0,0	0,0,0	0,13,0	0,0,0	0,0,0	1,0,0	2,0,0	0,116,0	0,0,0	0,0,0	0,0,0	0,86,0	0,154,0	1,77,0	0,45,0	0,0,0	0,0,0	1,75,0	0,14,0	1,0,0	0,0,0	0,124,0	3,0,0	0,106,0	0,223,0	0,350,0	223,0,0	0,18,0	0,248,0	0,120,0	4,186,0	1,314,0	0,152,0	0,0,0	0,203,0	1,0,0	0,21,0	156,18,0	0,373,0	0,167,0	291,0,0	0,13,0	164,143,0	0,463,0	1,47,0	0,8,0	0,458,0	1,328,0	0,78,0	0,54,0	0,76,0	0,278,0	3,0,0	0,0,0	94,0,0	1,3,0	0,0,0	0,0,0	1,0,0	0,0,0	0,21,0	0,0,0	0,4,0	1,0,0	0,168,0	0,281,0	0,81,0	0,0,0	0,106,0	0,0,0	0,338,0	0,237,0	0,10,0	0,0,0	0,96,0	0,111,0	0,0,0	0,0,0	0,45,0	0,125,0	0,0,0	0,0,0	0,5,0	0,0,0	0,0,0	0,24,0	0,0,0	0,102,0	1,0,0	0,0,0	0,0,0	0,85,0	0,240,0	0,0,0	0,0,0	0,6,0	0,223,0	1,116,0	0,0,0	0,0,0	0,2,0	0,9,0	1,0,0	1,0,0	0,0,0	0,0,0	0,0,0	0,0,0	78,73,0	0,13,0	0,280,0	0,0,0	0,121,0	0,151,0	0,153,0	125,0,0	0,170,0	1,334,0	0,195,0	1,153,0	0,178,0	0,45,0	0,129,0	0,163,0	98,112,0	0,157,0	1,179,0	0,160,0	0,147,0	0,184,0	0,99,0	0,132,0	1,408,0	1,198,0	0,156,0	25,127,0	0,130,0	1,409,0	0,155,0	0,120,0	1,0,0	0,0,0	0,206,0	0,9,0	0,0,0	0,24,0	0,237,0	0,0,0	0,228,0	0,40,0	0,0,0	199,214,0	0,200,0	0,0,0	0,139,0	1,232,0	1,508,0	0,216,0	0,176,0	1,0,0	0,0,0	0,0,0	0,126,0	0,3,0	0,164,0	0,257,0	0,0,0	0,0,0	0,18,0	0,34,0	0,6,0	0,0,0	0,330,0	0,0,0	0,0,0	0,0,0	0,0,0	0,43,0	2,0,0	0,0,0	0,15,0	0,12,0	1,0,0	0,0,0	0,0,0	0,0,0	0,0,0	1,19,0	0,0,0	0,0,0	0,0,0	0,0,0	0,0,0	0,317,0	0,0,0	0,205,0	0,32,0	0,297,0	0,243,0	0,80,0	1,253,0	0,167,0	0,117,0	0,146,0	0,0,0	0,94,0	1,0,0	0,288,0	0,0,0	0,0,0	0,0,0	0,0,0	0,2,0	0,0,0	0,0,0	0,0,0	0,0,0	1,0,0	0,0,0	0,0,0	0,3,0	4,75,0	0,7,0	0,51,0	0,44,0	0,0,0	0,0,0	0,87,0	1,271,0	0,55,0	0,159,0	0,141,0	0,149,0	0,74,0	2,0,0	0,19,0	0,0,0	0,0,0	0,104,0	0,112,0	0,101,0	0,0,0	0,158,0	0,0,0	0,4,0	0,0,0	0,62,0	0,0,0	0,0,0	0,0,0	0,0,0	0,0,0	0,0,0	0,0,0	0,13,0	0,0,0	0,0,0	0,0,0	0,0,0	0,31,0	0,196,0	0,182,0	0,94,0	0,0,0	0,0,0	0,59,0	0,62,0	0,197,0	1,173,0	0,0,0	0,248,0	0,0,0	0,0,0	0,35,0	20,0,0	0,244,0	0,0,0	0,71,0	0,0,0	0,0,0	0,0,0	0,0,0	0,0,0	0,2,0	0,0,0	0,0,0	0,9,0	0,0,0	0,42,0	0,16,0	0,62,0	0,0,0	0,0,0	0,0,0	0,13,0	0,58,0	0,36,0	0,2,0	0,33,0	0,0,0	0,0,0	0,0,0	0,70,0	0,153,0	0,193,0
Pf3D7_05_v3	958145	0,0	0,0	20,0	0,0	59,0	46,0	0,0	0,0	0,0	0,0	59,0	1,0	10,0	1,0	0,0	0,0	0,0	1,0	1,0	4,0	0,0	0,0	0,0	0,0	0,0	0,0	0,0	0,0	0,0	0,0	0,0	0,0	0,0	0,0	0,0	0,0	0,0	0,0	0,0	0,0	0,0	0,0	0,0	0,0	0,0	0,0	0,0	0,0	0,0	24,0	0,0	0,0	0,0	0,0	0,51	3,0	0,0	0,0	26,5	40,0	24,0	22,0	0,0	0,0	35,0	2,0	0,0	0,0	1,61	1,0	49,0	71,0	98,0	95,0	18,0	79,0	84,0	57,0	0,149	60,0	0,0	2,112	3,0	12,0	61,0	61,0	51,0	56,0	0,24	66,0	91,100	21,0	12,0	114,0	120,0	24,0	36,0	31,0	76,0	1,0	1,0	39,0	0,0	1,0	11,0	0,0	0,0	0,11	1,0	0,0	0,0	3,52	111,0	38,0	0,0	47,0	0,0	100,0	76,0	8,0	0,0	30,0	40,0	0,0	0,0	4,0	0,50	24,0	0,0	1,0	1,0	0,0	18,0	0,0	45,0	0,0	0,0	0,0	8,0	16,0	0,0	0,0	5,0	64,0	15,0	0,0	0,0	0,0	1,0	0,0	0,0	0,0	0,0	0,0	1,0	36,0	1,0	43,0	0,0	42,0	0,77	48,0	59,0	60,0	2,0	88,0	45,0	55,0	12,0	0,71	40,0	73,0	79,0	46,0	63,0	108,0	43,0	66,0	54,0	96,0	43,0	39,0	25,0	54,0	0,9	55,0	57,0	0,0	1,0	62,0	0,0	40,0	0,0	51,0	0,0	52,0	3,0	0,0	62,0	47,0	0,0	54,0	51,0	65,0	56,0	5,0	0,0	0,0	0,0	34,0	4,0	44,0	48,0	9,0	0,0	0,0	1,0	0,0	31,0	58,0	0,0	0,0	0,0	0,0	24,0	0,0	0,0	15,0	22,0	0,0	0,0	0,0	0,0	0,0	6,0	0,0	0,0	0,0	0,0	0,0	32,27	0,0	64,0	9,0	61,0	62,0	0,8	54,0	63,0	29,0	38,0	0,0	0,32	3,0	1,0	0,0	0,0	0,0	0,0	3,0	0,0	0,0	0,0	0,0	0,0	0,0	0,0	2,0	20,0	1,0	1,0	0,37	0,0	0,0	46,0	0,65	33,0	147,0	68,0	4,205	12,0	0,0	8,0	0,0	0,0	8,0	1,2	43,0	0,0	42,0	0,0	2,0	0,0	0,0	0,0	0,0	0,0	1,0	0,0	0,0	0,0	9,0	0,0	0,0	0,0	0,0	2,0	41,0	45,0	24,0	0,0	0,0	0,0	6,0	42,0	38,0	0,0	28,0	1,0	0,0	0,0	2,0	0,0	0,0	0,10	0,0	0,0	0,0	0,0	0,0	0,0	0,0	0,0	1,0	0,0	20,0	1,0	24,0	0,0	0,0	0,0	5,0	22,0	9,0	0,0	0,0	0,0	0,0	0,0	3,7	35,0	72,0
Pf3D7_05_v3	958146	0,0	0,0	20,0	0,0	59,0	45,0	0,0	0,0	0,0	0,0	59,0	1,0	10,0	1,0	0,0	0,0	0,0	1,0	1,0	3,0	0,0	0,0	0,0	0,0	0,0	0,0	0,0	0,0	0,0	0,0	0,0	0,0	0,0	0,0	0,0	0,0	0,0	0,0	0,0	0,0	0,0	0,0	0,0	0,0	0,0	0,0	0,0	0,0	0,0	25,0	0,0	0,0	0,0	0,0	50,0	3,0	0,0	0,0	35,0	40,0	24,0	22,0	0,0	0,0	35,0	2,0	0,0	0,0	54,0	2,0	49,0	71,0	98,0	95,0	18,0	79,0	84,0	57,0	144,0	60,0	0,0	112,0	2,0	11,0	61,0	61,0	51,0	56,0	24,0	66,0	209,0	21,0	12,0	114,0	120,0	24,0	37,0	31,0	76,0	1,0	1,0	39,0	0,0	1,0	11,0	0,0	0,0	14,0	0,0	0,0	0,0	63,0	111,0	38,0	0,0	47,0	0,0	100,0	76,0	8,0	0,0	31,0	40,0	0,0	0,0	4,0	48,0	24,0	0,0	1,0	1,0	0,0	18,0	0,0	45,0	0,0	0,0	0,0	8,0	16,0	0,0	0,0	6,0	64,0	15,0	0,0	0,0	0,0	1,0	0,0	0,0	0,0	0,0	0,0	1,0	33,0	1,0	43,0	0,0	42,0	71,0	48,0	59,0	60,0	2,0	88,0	45,0	55,0	12,0	74,0	40,0	73,0	79,0	46,0	63,0	108,0	43,0	66,0	54,0	96,0	43,0	39,0	25,0	54,0	10,0	55,0	57,0	0,0	1,0	62,0	0,0	40,0	0,0	51,0	0,0	52,0	3,0	0,0	62,0	45,0	0,0	54,0	51,0	65,0	56,0	5,0	0,0	0,0	0,0	34,0	4,0	44,0	48,0	9,0	0,0	0,0	1,0	0,0	31,0	58,0	0,0	0,0	0,0	0,0	24,0	0,0	0,0	15,0	22,0	0,0	0,0	0,0	0,0	0,0	6,0	0,0	0,0	0,0	0,0	0,0	55,0	0,0	64,0	9,0	61,0	62,0	9,0	54,0	63,0	31,0	38,0	0,0	35,0	3,0	1,0	0,0	0,0	0,0	0,0	3,0	0,0	0,0	0,0	0,0	0,0	0,0	0,0	2,0	20,0	1,0	1,0	43,0	0,0	0,0	46,0	64,0	30,0	147,0	68,0	179,0	12,0	0,0	8,0	0,0	0,0	8,0	3,0	43,0	0,0	37,0	0,0	2,0	0,0	0,0	0,0	0,0	0,0	1,0	0,0	0,0	0,0	9,0	0,0	0,0	0,0	0,0	3,0	41,0	45,0	23,0	0,0	0,0	0,0	6,0	42,0	38,0	0,0	28,0	1,0	0,0	0,0	3,0	0,0	0,0	12,0	0,0	0,0	0,0	0,0	0,0	0,0	0,0	0,0	1,0	0,0	20,0	1,0	23,0	0,0	0,0	0,0	5,0	20,0	10,0	0,0	0,0	0,0	0,0	0,0	10,0	34,0	72,0
Pf3D7_06_v3	1215233	0,0	0,0	0,238	43,0	0,120	0,175	9,0	1,0	0,0	0,0	0,155	1,0	0,0	1,0	0,0	0,0	0,0	1,0	0,0	0,0	2,0	0,0	0,0	0,0	0,0	0,0	0,0	0,0	0,0	0,0	0,0	0,0	0,0	0,0	0,0	0,0	0,0	0,0	0,0	0,0	0,0	0,0	0,0	0,0	0,0	0,0	0,0	0,0	0,0	0,23	0,0	1,0	1,0	1,0	159,0	0,0	0,0	0,0	0,155	0,147	1,157	0,121	1,0	1,0	0,254	0,443	0,0	1,0	1,182	2,0	3,137	1,317	1,498	0,406	1,24	1,367	155,17	1,86	0,443	0,230	0,8	0,195	3,0	0,19	20,160	1110,0	2,289	1,373	0,315	226,284	2,579	321,0	1,61	1,622	0,493	1,161	1,126	0,197	0,469	5,0	4,0	0,315	1,4	1,0	6,0	0,0	1,0	0,388	0,0	0,5	1,0	0,258	0,511	0,155	1,0	0,207	0,0	0,411	0,242	0,44	2,0	0,146	0,137	0,0	2,3307	0,29	0,338	0,97	0,0	0,3	0,0	0,0	154,0	0,0	0,82	0,33	1,0	225,0	0,141	0,304	1,0	0,0	0,32	1,271	0,216	0,0	0,0	0,26	1,0	0,0	0,0	0,0	0,0	0,0	0,0	0,110	0,9	0,340	0,6	0,161	0,200	154,0	0,222	1,235	0,180	120,0	0,179	0,184	521,0	2,159	0,209	5,240	0,206	1,211	0,178	0,193	0,187	0,399	0,226	1,490	0,248	0,217	78,169	0,149	0,221	0,227	0,187	2,0	3,0	0,270	0,5	22,0	0,284	5,495	0,0	0,385	0,129	0,0	0,671	0,244	0,0	0,178	0,327	0,734	1,392	0,59	0,0	0,0	0,0	0,119	0,8	0,175	0,404	0,0	0,0	3,0	0,27	0,3	0,8	0,227	0,0	0,0	0,0	0,0	0,67	1,0	0,0	0,13	0,20	0,0	0,0	0,0	0,0	0,0	2,19	0,0	0,2	0,0	0,0	0,0	0,413	0,0	0,277	0,386	0,341	0,249	0,39	0,329	0,477	0,80	0,195	0,2	0,253	0,3	0,327	0,0	0,0	0,0	0,0	0,3	0,0	0,0	0,0	0,0	0,0	0,0	0,0	0,11	2,53	13,0	0,16	2,164	0,0	0,0	0,184	0,269	0,55	0,126	0,149	0,293	0,47	0,14	0,31	0,0	0,0	0,468	0,202	0,391	0,0	0,248	0,0	0,6	0,0	0,0	0,0	0,0	0,0	0,0	0,0	0,0	0,0	0,25	0,0	0,0	0,0	0,0	0,320	0,260	0,284	0,155	0,0	0,0	0,27	0,191	0,247	0,282	0,11	0,398	0,0	1,0	0,0	0,18	1,640	0,0	0,108	1,0	0,0	0,0	0,0	0,0	0,3	0,0	0,0	2,0	0,0	0,49	0,23	0,85	0,0	0,0	0,0	0,2	0,59	0,40	0,12	0,2	0,0	0,0	1,0	1,97	0,193	181,0
Pf3D7_07_v3	403625	0,0	1,0	0,132	0,0	0,213	0,100	2,0	2,0	0,0	0,0	76,147	0,0	2,0	1,0	0,0	0,0	0,0	1,0	0,0	0,0	1,0	1,0	0,0	0,0	0,0	0,0	0,0	0,0	0,0	0,0	0,0	0,0	0,0	0,0	0,0	0,0	0,0	0,0	0,0	0,0	0,0	0,0	0,0	0,0	0,0	0,0	0,0	0,0	0,0	49,0	1,0	0,0	1,0	0,0	1,100	0,0	0,0	0,0	76,59	0,179	0,68	0,153	0,2	0,0	0,155	0,318	0,0	0,0	0,102	3,0	54,0	156,0	245,0	0,219	0,17	0,198	110,0	77,0	0,246	0,103	1,0	0,130	1,6	0,12	110,0	1,284	99,0	317,0	2,356	348,0	0,332	238,0	0,83	376,0	373,0	231,0	179,0	1,207	490,0	13,0	0,0	4,266	2,0	34,0	20,0	2,0	0,0	0,433	0,0	4,0	0,3	0,398	14,231	2,50	1,0	94,0	4,0	241,0	121,40	240,0	0,0	0,278	0,102	0,3	1,0	1301,0	0,186	669,0	0,0	22,0	0,5	0,0	56,0	0,0	0,622	1,0	0,0	253,0	0,39	0,152	0,0	0,0	16,0	201,0	52,0	0,0	0,0	0,5	0,0	0,0	0,0	0,0	0,0	1,0	1,0	33,0	0,35	0,216	0,6	0,143	101,0	83,0	0,128	0,124	0,29	0,119	0,98	0,79	4,737	0,118	0,95	87,19	92,0	24,86	0,122	107,0	0,76	0,32	0,86	264,0	2,128	0,102	86,379	8,70	2,118	0,104	0,74	2,0	1,0	0,162	0,10	0,5	0,8	0,84	0,0	0,220	1,0	0,0	0,272	0,166	0,0	0,89	0,166	267,0	0,140	0,25	0,0	0,0	0,0	64,0	0,2	83,0	263,0	0,0	0,0	0,5	0,57	0,5	0,12	0,224	0,0	0,0	0,0	0,0	38,0	1,0	0,0	0,16	0,32	0,0	2,0	0,0	0,0	0,0	0,10	0,0	1,0	0,0	0,0	0,0	38,51	0,0	0,83	0,2	259,0	128,0	0,29	0,133	0,186	0,361	4,327	1,0	0,389	0,7	0,8	0,0	0,0	0,0	0,0	0,2	0,0	0,0	0,0	0,0	0,0	0,0	0,0	1,3	1,34	3,313	0,0	286,0	1,0	0,0	3,216	3,168	0,35	0,100	62,0	0,159	62,0	0,100	0,51	0,0	0,0	0,217	0,562	0,143	0,0	122,131	0,0	0,2	1,0	2,0	0,0	0,0	0,0	0,0	0,0	0,0	0,0	0,14	0,0	0,0	0,0	0,0	0,69	0,141	1,130	116,0	0,0	0,0	121,0	15,12	2,144	49,0	0,0	83,0	0,0	3,0	1,302	0,7	368,0	0,0	0,80	0,0	0,0	0,0	0,0	0,0	1,0	0,0	0,0	1,0	0,0	0,22	2,0	0,52	0,0	0,0	0,0	10,0	35,0	20,0	0,2	0,3	4,0	0,0	0,0	0,246	248,0	297,0
Pf3D7_08_v3	549685	1,0	1,0	0,283	0,0	118,0	0,15	28,0	0,0	0,0	0,0	66,0	2,0	0,0	0,0	1,0	0,0	1,0	0,0	1,0	1,0	0,0	0,0	0,0	0,0	0,0	0,0	0,0	0,0	0,0	0,0	0,0	0,0	0,0	0,0	0,0	0,0	0,0	0,0	0,0	0,0	0,0	0,0	0,0	0,0	0,0	0,0	0,0	0,0	0,0	31,0	0,0	0,0	0,0	2,0	205,0	1,0	0,1	0,10	0,164	145,0	0,25	0,152	2,0	0,0	0,321	0,88	1,0	0,0	1,392	0,2	173,0	1,765	658,0	430,0	8,41	145,531	3,380	3,360	685,0	27,482	2,41	390,0	3,0	1,59	16,352	22,796	274,202	2,975	162,0	2,717	685,0	680,0	1,3	517,0	49,855	136,0	65,0	2,159	3,537	8,0	2,0	266,0	2,3	1,3	2,0	0,0	3,0	1,110	1,0	3,0	0,2	176,0	2,824	203,0	2,0	176,0	0,0	447,0	173,230	0,56	3,2	139,0	126,0	0,0	1417,0	90,0	527,0	62,0	0,0	0,0	0,0	0,0	0,482	0,0	43,0	0,2	1,0	731,0	204,0	72,236	0,0	6,0	16,0	314,0	1136,0	0,0	0,0	1474,0	5,0	0,0	0,0	0,0	0,0	1,0	0,0	1,325	10,0	337,0	0,0	0,383	0,325	0,387	1,313	233,0	788,963	1,232	296,0	0,372	1,110	213,0	254,0	203,300	246,0	245,0	0,314	184,0	0,560	0,608	341,0	695,0	0,381	194,152	225,27	21,277	369,0	76,373	2,417	4,0	2,0	311,0	0,152	0,0	0,1550	69,977	0,0	322,0	0,1129	0,0	1031,283	147,0	1,0	1,318	308,0	762,0	434,0	0,136	0,0	1,0	0,0	184,0	9,0	186,0	610,0	0,0	0,0	268,0	15,0	1,0	0,0	0,1605	0,0	0,0	0,0	0,3	99,0	3,0	0,0	0,38	43,0	0,0	1,0	0,0	0,0	0,0	44,0	0,0	2,0	0,0	0,0	0,0	365,147	2,0	343,0	4,0	387,0	314,0	76,0	440,0	368,0	348,0	1,334	0,0	172,0	1,0	0,0	0,0	0,0	1,0	0,0	10,0	0,0	0,0	0,0	0,0	1,0	0,0	0,0	12,0	9,258	0,0	20,0	0,200	1,0	0,0	352,0	11,662	0,153	378,0	181,0	1145,0	89,0	1,0	0,151	1,0	0,0	0,635	2,192	409,0	0,0	181,309	0,0	0,23	0,0	23,0	0,0	0,0	0,0	0,0	0,0	0,0	0,0	0,39	1,0	0,0	0,0	0,0	0,101	417,0	2,623	222,0	0,0	0,0	67,0	261,0	0,447	128,0	0,0	489,0	0,0	5,0	0,3	0,52	90,0	0,0	231,0	0,0	0,0	0,0	0,0	0,0	0,4	1,0	1,0	19,0	0,0	0,124	20,6	3,185	0,0	0,0	0,0	31,0	88,0	110,0	9,0	0,12	0,0	0,0	0,0	155,0	27,224	44,598
Pf3D7_13_v3	1725258	0,0,0,0	0,0,0,0	41,0,0,0	1,0,0,0	52,0,0,0	17,0,0,0	0,0,0,0	0,0,0,0	1,0,0,0	0,0,0,0	100,0,0,0	1,0,0,0	0,0,0,0	1,0,0,0	0,0,0,0	0,0,0,0	0,0,0,0	0,0,0,0	0,0,0,0	0,0,0,0	0,0,0,0	0,0,0,0	0,0,0,0	0,0,0,0	0,0,0,0	0,0,0,0	0,0,0,0	0,0,0,0	0,0,0,0	0,0,0,0	0,0,0,0	0,0,0,0	0,0,0,0	0,0,0,0	0,0,0,0	0,0,0,0	0,0,0,0	0,0,0,0	0,0,0,0	0,0,0,0	0,0,0,0	0,0,0,0	0,0,0,0	0,0,0,0	0,0,0,0	0,0,0,0	0,0,0,0	0,0,0,0	0,0,0,0	14,0,0,0	1,0,0,0	0,0,0,0	0,0,0,0	0,0,0,0	41,0,0,0	0,0,0,0	1,0,0,0	0,0,0,0	35,0,0,0	40,0,0,0	37,0,0,0	17,0,0,0	0,0,0,0	1,0,0,0	61,0,0,0	0,0,0,0	1,0,0,0	0,0,0,0	68,0,0,0	3,0,0,0	83,0,0,0	114,0,0,0	137,0,0,0	221,0,0,0	26,0,0,0	177,0,0,0	53,0,0,0	60,0,0,0	145,0,0,0	167,0,0,0	1,0,0,0	92,0,0,0	0,0,0,0	19,0,0,0	122,0,0,0	115,0,0,0	70,0,0,0	124,0,0,0	55,0,0,0	106,0,0,0	233,0,0,0	156,0,0,0	3,0,0,0	217,0,0,0	177,0,0,0	37,0,0,0	16,0,0,0	43,0,0,0	117,0,0,0	1,0,0,0	0,0,0,0	39,0,0,0	2,0,0,0	6,0,0,0	1,0,0,0	1,0,0,0	0,0,0,0	36,0,0,0	0,0,0,0	0,0,0,0	1,0,0,0	46,0,0,0	126,0,0,0	67,0,0,0	0,0,0,0	106,0,0,0	0,0,0,0	153,0,0,0	200,0,0,0	6,0,0,0	3,0,0,0	31,0,0,0	15,0,0,0	0,0,0,0	266,0,0,0	15,0,0,0	67,0,0,0	0,0,0,0	0,0,0,0	1,0,0,0	176,0,0,0	0,0,0,0	5,0,0,0	0,0,0,0	0,0,0,0	34,0,0,0	0,0,0,0	264,0,0,0	23,0,0,0	71,0,0,0	0,0,0,0	0,0,0,0	1,0,0,0	51,0,0,0	66,0,0,0	0,0,0,0	0,0,0,0	0,0,0,0	1,0,0,0	0,0,0,0	0,0,0,0	0,0,0,0	0,0,0,0	0,0,0,0	0,0,0,0	36,0,0,0	0,0,0,0	85,0,0,0	0,0,0,0	64,0,0,0	75,0,0,0	100,0,0,0	118,0,0,0	64,0,0,0	1,0,0,0	124,0,0,0	105,0,0,0	136,0,0,0	8,0,0,0	115,0,0,0	65,0,0,0	129,0,0,0	96,0,0,0	124,0,0,0	113,0,0,0	86,0,0,0	108,0,0,0	69,0,0,0	94,0,0,0	396,0,0,0	65,0,0,0	111,0,0,0	51,0,0,0	126,0,0,0	76,0,0,0	81,0,0,0	142,0,0,0	0,0,0,0	0,0,0,0	86,0,0,0	40,0,0,0	0,0,0,0	4,0,0,0	62,0,0,0	0,0,0,0	76,0,0,0	4,0,0,0	0,0,0,0	139,0,0,0	55,0,0,0	0,0,0,0	138,0,0,0	69,0,0,0	218,0,0,0	97,0,0,0	164,0,0,0	0,0,0,0	0,0,0,0	0,0,0,0	53,0,0,0	16,0,0,0	82,0,0,0	93,0,0,0	169,0,0,0	0,0,0,0	10,0,0,0	2,0,0,0	0,0,0,0	2,0,0,0	109,0,0,0	0,0,0,0	0,0,0,0	0,0,0,0	0,0,0,0	48,0,0,0	2,0,0,0	1,0,0,0	37,0,0,0	50,0,0,0	0,0,0,0	0,0,0,0	0,0,0,0	0,0,0,0	0,0,0,0	14,0,0,0	0,0,0,0	0,0,0,0	0,0,0,0	0,0,0,0	0,0,0,0	106,0,0,0	1,0,0,0	210,0,0,0	0,0,0,0	63,0,0,0	79,0,0,0	39,0,0,0	85,0,0,0	123,0,0,0	22,0,0,0	40,0,0,0	0,0,0,0	35,0,0,0	11,0,0,0	0,0,0,0	0,0,0,0	0,0,0,0	0,0,0,0	1,0,0,0	3,0,0,0	0,0,0,0	0,0,0,0	0,0,0,0	0,0,0,0	0,0,0,0	0,0,0,0	0,0,0,0	12,0,0,0	51,0,0,0	40,0,0,0	0,0,0,0	38,0,0,0	0,0,0,0	0,0,0,0	57,0,0,0	156,0,0,0	52,0,0,0	297,0,0,0	125,0,0,0	40,0,0,0	21,0,0,0	0,0,0,0	3,0,0,0	0,0,0,0	0,0,0,0	13,0,0,0	4,0,0,0	36,0,0,0	0,0,0,0	47,0,0,0	0,0,0,0	7,0,0,0	0,0,0,0	0,0,0,0	0,0,0,0	0,0,0,0	0,0,0,0	0,0,0,0	0,0,0,0	0,0,0,0	0,0,0,0	26,0,0,0	0,0,0,0	0,0,0,0	0,0,0,0	0,0,0,0	0,0,0,0	27,0,0,0	72,0,0,0	36,0,0,0	0,0,0,0	0,0,0,0	9,0,0,0	39,0,0,0	55,0,0,0	35,0,0,0	0,0,0,0	90,0,0,0	0,0,0,0	0,0,0,0	0,0,0,0	14,0,0,0	8,0,0,0	0,0,0,0	15,0,0,0	0,0,0,0	0,0,0,0	0,0,0,0	0,0,0,0	0,0,0,0	5,0,0,0	0,0,0,0	0,0,0,0	0,0,0,0	0,0,0,0	37,0,0,0	13,0,0,0	42,0,0,0	0,0,0,0	0,0,0,0	0,0,0,0	10,0,0,0	39,0,0,0	29,0,0,0	2,0,0,0	1,0,0,0	0,0,0,0	0,0,0,0	0,0,0,0	3,0,0,0	6,0,0,0	7,0,0,0
Pf3D7_13_v3	1725259	0,0,0,0	0,0,0,0	41,0,0,0	1,0,0,0	52,0,0,0	17,0,0,0	0,0,0,0	0,0,0,0	1,0,0,0	0,0,0,0	100,0,0,0	2,0,0,0	0,0,0,0	1,0,0,0	0,0,0,0	0,0,0,0	0,0,0,0	0,0,0,0	0,0,0,0	0,0,0,0	0,0,0,0	0,0,0,0	0,0,0,0	0,0,0,0	0,0,0,0	0,0,0,0	0,0,0,0	0,0,0,0	0,0,0,0	0,0,0,0	0,0,0,0	0,0,0,0	0,0,0,0	0,0,0,0	0,0,0,0	0,0,0,0	0,0,0,0	0,0,0,0	0,0,0,0	0,0,0,0	0,0,0,0	0,0,0,0	0,0,0,0	0,0,0,0	0,0,0,0	0,0,0,0	0,0,0,0	0,0,0,0	0,0,0,0	17,0,0,0	1,0,0,0	0,0,0,0	0,0,0,0	0,0,0,0	41,0,0,0	0,0,0,0	1,0,0,0	0,0,0,0	35,0,0,0	40,0,0,0	37,0,0,0	17,0,0,0	0,0,0,0	1,0,0,0	61,0,0,0	0,0,0,0	1,0,0,0	0,0,0,0	68,0,0,0	3,0,0,0	83,0,0,0	114,0,0,0	137,0,0,0	221,0,0,0	26,0,0,0	177,0,0,0	53,0,0,0	60,0,0,0	145,0,0,0	167,0,0,0	1,0,0,0	92,0,0,0	0,0,0,0	19,0,0,0	122,0,0,0	115,0,0,0	70,0,0,0	124,0,0,0	55,0,0,0	106,0,0,0	233,0,0,0	156,0,0,0	3,0,0,0	217,0,0,0	177,0,0,0	34,0,0,0	16,0,0,0	43,0,0,0	117,0,0,0	1,0,0,0	0,0,0,0	39,0,0,0	1,0,0,0	6,0,0,0	1,0,0,0	1,0,0,0	1,0,0,0	36,0,0,0	0,0,0,0	0,0,0,0	1,0,0,0	46,0,0,0	126,0,0,0	67,0,0,0	0,0,0,0	106,0,0,0	0,0,0,0	153,0,0,0	200,0,0,0	6,0,0,0	3,0,0,0	31,0,0,0	14,0,0,0	0,0,0,0	266,0,0,0	14,0,0,0	67,0,0,0	0,0,0,0	0,0,0,0	1,0,0,0	176,0,0,0	0,0,0,0	5,0,0,0	0,0,0,0	0,0,0,0	34,0,0,0	0,0,0,0	264,0,0,0	23,0,0,0	71,0,0,0	0,0,0,0	0,0,0,0	1,0,0,0	51,0,0,0	66,0,0,0	0,0,0,0	0,0,0,0	0,0,0,0	1,0,0,0	0,0,0,0	0,0,0,0	0,0,0,0	0,0,0,0	0,0,0,0	0,0,0,0	36,0,0,0	0,0,0,0	85,0,0,0	0,0,0,0	64,0,0,0	75,0,0,0	100,0,0,0	118,0,0,0	64,0,0,0	1,0,0,0	124,0,0,0	105,0,0,0	136,0,0,0	8,0,0,0	115,0,0,0	65,0,0,0	129,0,0,0	96,0,0,0	124,0,0,0	113,0,0,0	86,0,0,0	108,0,0,0	69,0,0,0	94,0,0,0	396,0,0,0	65,0,0,0	111,0,0,0	51,0,0,0	126,0,0,0	76,0,0,0	81,0,0,0	142,0,0,0	0,0,0,0	0,0,0,0	86,0,0,0	40,0,0,0	0,0,0,0	4,0,0,0	62,0,0,0	0,0,0,0	76,0,0,0	4,0,0,0	0,0,0,0	139,0,0,0	55,0,0,0	0,0,0,0	138,0,0,0	69,0,0,0	218,0,0,0	97,0,0,0	164,0,0,0	0,0,0,0	0,0,0,0	0,0,0,0	53,0,0,0	16,0,0,0	82,0,0,0	93,0,0,0	169,0,0,0	0,0,0,0	10,0,0,0	2,0,0,0	0,0,0,0	2,0,0,0	109,0,0,0	0,0,0,0	0,0,0,0	0,0,0,0	0,0,0,0	48,0,0,0	2,0,0,0	1,0,0,0	37,0,0,0	50,0,0,0	0,0,0,0	0,0,0,0	0,0,0,0	0,0,0,0	0,0,0,0	14,0,0,0	0,0,0,0	0,0,0,0	0,0,0,0	0,0,0,0	0,0,0,0	106,0,0,0	1,0,0,0	210,0,0,0	0,0,0,0	63,0,0,0	79,0,0,0	39,0,0,0	85,0,0,0	123,0,0,0	22,0,0,0	40,0,0,0	0,0,0,0	35,0,0,0	11,0,0,0	0,0,0,0	0,0,0,0	0,0,0,0	0,0,0,0	1,0,0,0	3,0,0,0	0,0,0,0	0,0,0,0	0,0,0,0	0,0,0,0	0,0,0,0	0,0,0,0	0,0,0,0	12,0,0,0	51,0,0,0	40,0,0,0	0,0,0,0	38,0,0,0	0,0,0,0	0,0,0,0	57,0,0,0	156,0,0,0	52,0,0,0	297,0,0,0	125,0,0,0	40,0,0,0	21,0,0,0	0,0,0,0	3,0,0,0	0,0,0,0	0,0,0,0	12,0,0,0	4,0,0,0	36,0,0,0	0,0,0,0	47,0,0,0	0,0,0,0	7,0,0,0	0,0,0,0	0,0,0,0	0,0,0,0	0,0,0,0	0,0,0,0	0,0,0,0	0,0,0,0	0,0,0,0	0,0,0,0	26,0,0,0	0,0,0,0	0,0,0,0	0,0,0,0	0,0,0,0	0,0,0,0	27,0,0,0	72,0,0,0	33,0,0,0	0,0,0,0	0,0,0,0	9,0,0,0	39,0,0,0	55,0,0,0	35,0,0,0	0,0,0,0	90,0,0,0	0,0,0,0	0,0,0,0	0,0,0,0	14,0,0,0	8,0,0,0	0,0,0,0	15,0,0,0	0,0,0,0	0,0,0,0	0,0,0,0	0,0,0,0	0,0,0,0	5,0,0,0	0,0,0,0	0,0,0,0	0,0,0,0	0,0,0,0	37,0,0,0	13,0,0,0	42,0,0,0	0,0,0,0	0,0,0,0	0,0,0,0	11,0,0,0	39,0,0,0	29,0,0,0	2,0,0,0	1,0,0,0	0,0,0,0	0,0,0,0	0,0,0,0	3,0,0,0	6,0,0,0	7,0,0,0
Pf3D7_13_v3	1725260	0,0,0,0	0,0,0,0	41,0,0,0	1,0,0,0	52,0,0,0	17,0,0,0	0,0,0,0	0,0,0,0	1,0,0,0	0,0,0,0	100,0,0,0	2,0,0,0	0,0,0,0	1,0,0,0	0,0,0,0	0,0,0,0	0,0,0,0	0,0,0,0	0,0,0,0	0,0,0,0	0,0,0,0	0,0,0,0	0,0,0,0	0,0,0,0	0,0,0,0	0,0,0,0	0,0,0,0	0,0,0,0	0,0,0,0	0,0,0,0	0,0,0,0	0,0,0,0	0,0,0,0	0,0,0,0	0,0,0,0	0,0,0,0	0,0,0,0	0,0,0,0	0,0,0,0	0,0,0,0	0,0,0,0	0,0,0,0	0,0,0,0	0,0,0,0	0,0,0,0	0,0,0,0	0,0,0,0	0,0,0,0	0,0,0,0	17,0,0,0	1,0,0,0	0,0,0,0	0,0,0,0	0,0,0,0	41,0,0,0	0,0,0,0	1,0,0,0	0,0,0,0	35,0,0,0	40,0,0,0	37,0,0,0	17,0,0,0	0,0,0,0	1,0,0,0	61,0,0,0	0,0,0,0	1,0,0,0	0,0,0,0	68,0,0,0	3,0,0,0	83,0,0,0	114,0,0,0	137,0,0,0	221,0,0,0	26,0,0,0	177,0,0,0	53,0,0,0	60,0,0,0	145,0,0,0	167,0,0,0	1,0,0,0	92,0,0,0	0,0,0,0	19,0,0,0	122,0,0,0	115,0,0,0	70,0,0,0	124,0,0,0	55,0,0,0	106,0,0,0	233,0,0,0	156,0,0,0	3,0,0,0	217,0,0,0	177,0,0,0	34,0,0,0	16,0,0,0	43,0,0,0	117,0,0,0	1,0,0,0	0,0,0,0	39,0,0,0	1,0,0,0	7,0,0,0	1,0,0,0	1,0,0,0	1,0,0,0	36,0,0,0	0,0,0,0	0,0,0,0	1,0,0,0	46,0,0,0	126,0,0,0	67,0,0,0	0,0,0,0	106,0,0,0	0,0,0,0	153,0,0,0	200,0,0,0	6,0,0,0	3,0,0,0	31,0,0,0	13,0,0,0	0,0,0,0	266,0,0,0	14,0,0,0	67,0,0,0	0,0,0,0	0,0,0,0	1,0,0,0	176,0,0,0	0,0,0,0	5,0,0,0	0,0,0,0	0,0,0,0	39,0,0,0	0,0,0,0	264,0,0,0	23,0,0,0	71,0,0,0	0,0,0,0	0,0,0,0	1,0,0,0	51,0,0,0	66,0,0,0	0,0,0,0	0,0,0,0	0,0,0,0	1,0,0,0	0,0,0,0	0,0,0,0	0,0,0,0	0,0,0,0	0,0,0,0	0,0,0,0	36,0,0,0	0,0,0,0	85,0,0,0	0,0,0,0	64,0,0,0	75,0,0,0	100,0,0,0	118,0,0,0	64,0,0,0	0,0,0,0	124,0,0,0	105,0,0,0	136,0,0,0	8,0,0,0	115,0,0,0	65,0,0,0	129,0,0,0	96,0,0,0	124,0,0,0	113,0,0,0	86,0,0,0	108,0,0,0	69,0,0,0	94,0,0,0	396,0,0,0	65,0,0,0	111,0,0,0	51,0,0,0	126,0,0,0	76,0,0,0	81,0,0,0	142,0,0,0	0,0,0,0	0,0,0,0	86,0,0,0	40,0,0,0	0,0,0,0	4,0,0,0	62,0,0,0	0,0,0,0	76,0,0,0	4,0,0,0	0,0,0,0	139,0,0,0	55,0,0,0	0,0,0,0	138,0,0,0	69,0,0,0	218,0,0,0	97,0,0,0	164,0,0,0	0,0,0,0	0,0,0,0	0,0,0,0	53,0,0,0	16,0,0,0	82,0,0,0	93,0,0,0	169,0,0,0	0,0,0,0	10,0,0,0	2,0,0,0	0,0,0,0	2,0,0,0	109,0,0,0	0,0,0,0	0,0,0,0	0,0,0,0	0,0,0,0	48,0,0,0	3,0,0,0	1,0,0,0	37,0,0,0	50,0,0,0	0,0,0,0	0,0,0,0	0,0,0,0	0,0,0,0	0,0,0,0	14,0,0,0	0,0,0,0	0,0,0,0	0,0,0,0	0,0,0,0	0,0,0,0	106,0,0,0	1,0,0,0	210,0,0,0	0,0,0,0	63,0,0,0	79,0,0,0	39,0,0,0	85,0,0,0	123,0,0,0	21,0,0,0	40,0,0,0	0,0,0,0	35,0,0,0	10,0,0,0	0,0,0,0	0,0,0,0	0,0,0,0	0,0,0,0	1,0,0,0	3,0,0,0	0,0,0,0	0,0,0,0	0,0,0,0	0,0,0,0	0,0,0,0	0,0,0,0	0,0,0,0	12,0,0,0	51,0,0,0	39,0,0,0	0,0,0,0	38,0,0,0	1,0,0,0	0,0,0,0	57,0,0,0	156,0,0,0	52,0,0,0	297,0,0,0	125,0,0,0	40,0,0,0	21,0,0,0	0,0,0,0	3,0,0,0	0,0,0,0	0,0,0,0	12,0,0,0	4,0,0,0	36,0,0,0	0,0,0,0	47,0,0,0	0,0,0,0	7,0,0,0	0,0,0,0	0,0,0,0	0,0,0,0	0,0,0,0	0,0,0,0	0,0,0,0	0,0,0,0	0,0,0,0	0,0,0,0	26,0,0,0	0,0,0,0	0,0,0,0	0,0,0,0	0,0,0,0	0,0,0,0	27,0,0,0	72,0,0,0	33,0,0,0	0,0,0,0	0,0,0,0	9,0,0,0	39,0,0,0	55,0,0,0	35,0,0,0	0,0,0,0	90,0,0,0	0,0,0,0	0,0,0,0	0,0,0,0	14,0,0,0	9,0,0,0	0,0,0,0	15,0,0,0	0,0,0,0	0,0,0,0	0,0,0,0	0,0,0,0	0,0,0,0	5,0,0,0	0,0,0,0	0,0,0,0	0,0,0,0	0,0,0,0	37,0,0,0	13,0,0,0	42,0,0,0	0,0,0,0	0,0,0,0	0,0,0,0	11,0,0,0	39,0,0,0	29,0,0,0	2,0,0,0	1,0,0,0	0,0,0,0	0,0,0,0	0,0,0,0	3,0,0,0	6,0,0,0	7,0,0,0
