Sample,Fws,SNPs
J0010103_1412,0.872128636179112,26314
J0020302_1506,0.976802331961981,27124
J0030406_1701,0.985516321764828,26920
J0030406_1702,0.966968804620337,27180
J0030406_1705,0.997703073001669,26309
J0030409_1610,0.976303025748334,27291
J0050607_1412,0.990898767316863,26023
J0050611_1611,0.989713443655629,27526
J0050617_1611,0.692043602246696,27447
J0060701_1511,0.777008132961454,27459
J0070804_1610,0.943849271588259,16829
J0101103_1701,0.982809636595036,27322
J0101103_1702,0.977948066305826,27143
J0101103_1703,0.995951590278394,7022
J0111201_1412,0.996284567121463,9287
J0111208_1610,0.991760265553727,26889
J0131403_1511,0.981966605130778,27503
J0131406_1512,0.974131594413857,26144
J0141503_1511,0.658037169198179,27235
J0151608_1701,0.992658627673448,24977
J0151612_1511,0.501751609485589,27546
J0171802_1611,0.886955726429655,27416
J0171804_1610,0.995661287814465,17479
J0171805_1611,0.772063222670527,27109
J0171806_1511,0.986932785651568,26923
J0181911_1611,0.844750341229745,26758
J0242509_1611,0.983674700155449,27560
J0242517_1611,0.716060847438908,20284
J0262707_1412,0.987150963045341,27125
J0262707_1506,0.997976806911912,6140
J0262723_1511,0.986620537148616,27395
J0262731_1412,0.855548746732207,26201
J0272803_1512,0.429475369922386,27555
J0272804_1511,0.979859536248006,27111
J0272809_1611,0.993592295305189,19077
J0272809_1612,0.910377417018927,27473
J0272812_1611,0.877452334073459,27514
J0272813_1610,0.992059934203539,10049
J0272813_1611,0.9835512677409,27410
J0272813_1612,0.983395174484578,27517
J0272813_1701,0.983600102081066,27511
J0272813_1702,0.983792694576783,27501
J0272813_1703,0.991125966777949,25872
J0272813_1705,0.983444406528729,27342
J0272815_1611,0.986525128810456,26833
J0272815_1701,0.983300329628614,27479
J0272815_1702,0.987535270413113,26113
J0272815_1703,0.9867705184959,27168
J0282915_1511,0.930819665924794,7471
J0282916_1701,0.749761500676473,27309
J0282916_1702,0.957403396069437,27422
J0282916_1703,0.906639464031345,20713
J0282916_1705,0.986614877111216,12063
K0010101_1611,0.993166046646878,26855
K0010105_1506,0.919678567105932,23779
K0022008_1512,0.765232008049565,27379
K0030301_1504,0.936122054467745,21699
K0030302_1512,0.946788262013542,20892
K0030302_1610,0.980190242868356,26933
K0030302_1611,0.661733070470065,26707
K0030303_1512,0.638669534147869,27258
K0030303_1605,0.840918048287737,27498
K0030303_1612,0.990046170365484,27461
K0050502_1512,0.862173988882988,8451
K0050512_1611,0.993895955215652,27512
K0060617_1512,0.515415408184482,27479
K0060617_1603,0.9430161577094,18148
K0070714_1611,0.981629640468231,27390
K0080809_1702,0.934109669817836,11428
K0090903_1512,0.808413921942727,27229
K0090903_1605,0.968073153890101,27526
K0101005_1512,0.983983583035232,27477
K0101005_1701,0.953424202511543,5604
K0101007_1412,0.964183024661394,26236
K0111111_1611,0.983643957510314,27522
K0141403_1504,0.985758476465671,27095
K0141403_1511,0.998950354036117,11934
K0161621_1506,0.982108094751552,7317
K0171716_1612,0.991203185783723,27449
K0171716_1701,0.991295592155966,27244
K0171716_1702,0.992256462427807,20105
K0171716_1703,0.992227256795092,15864
K0171719_1701,0.933864014652326,5807
K0171722_1512,0.931476186775966,27325
K0171728_1512,0.938314049810204,27157
K0171732_1512,0.984275944241842,27351
K0171738_1412,0.986871870049342,27121
K0181809_1512,0.813974245027509,27463
K0181810_1705,0.938854948712881,25567
K0202002_1512,0.98059443773664,27544
K0212110_1512,0.974923547689799,27472
K0222208_1611,0.989649277274681,27441
K0222213_1612,0.99315568900827,10608
K0222213_1701,0.921598580501892,12553
K0232412_1701,0.990491983928318,22464
K0252713_1512,0.792945578494931,25886
K0252717_1512,0.980289332438704,25595
K0252808_1611,0.909799132513007,18739
K0252808_1701,0.973532596600199,26736
K0262902_1511,0.988344583843697,27543
K0262913_1611,0.852673321735274,26166
K0262922_1612,0.990779408631679,27393
K0262922_1704,0.988576435395357,26922
K0262922_1705,0.993363484597212,27136
K0262940_1511,0.979563708839446,25211
K0262940_1512,0.984954426829664,27308
K0262940_1703,0.996672579162607,4914
K0262940_1704,0.858910393617198,21199
K0263004_1511,0.967698507936167,26319
K0263004_1512,0.983861088815418,27461
K0263008_1612,0.995938711471301,16666
K0263008_1701,0.995186186811025,10535
K0263008_1704,0.99644132180002,18411
K0263008_1705,0.996856329170171,13727
K0283406_1512,0.785081799192893,27523
K0323702_1611,0.986832396156349,27397
K0344032_1512,0.864601072752357,27278
K0364309_1511,0.799863951174478,8372
K0364311_1511,0.972153066855113,26368
K0364312_1607,0.877464441366721,27051
K0364314_1701,0.986353842008774,27295
K0364319_1511,0.977863446856497,27086
K0364319_1612,0.949814378909923,27175
K0364324_1701,0.882617237402178,15844
K0374406_1612,0.996711672757591,23122
K0374406_1701,0.943597616676748,14145
K0374408_1412,0.58710091382629,27101
K0374413_1611,0.364380379945132,27475
K0374502_1412,0.990529357376794,26404
K0374502_1612,0.965792761519058,20729
K0384601_1702,0.955642792724334,6696
K0384602_1512,0.944397870580365,17405
K0384604_1511,0.965368906845074,9270
K0384611_1702,0.984360171168253,26210
K0394906_1611,0.989824007843331,27504
K0394938_1611,0.98729449022947,27433
K0405016_1611,0.773092021350713,27529
K0415108_1701,0.915263408559179,14950
K0415108_1702,0.92971875167239,11085
K0425208_1512,0.963484674407635,27377
K0425216_1511,0.86567645092242,6983
N0050505_1610,0.947518118492435,8905
N0131303_1701,0.992263927103406,24936
N0131318_1611,0.786179409716163,26380
N0131323_1610,0.874159621074832,20416
N0141403_1612,0.996903785678597,12534
P0010104_1611,0.646802641998234,27069
P0010121_1611,0.886836155394384,3832
P0010126_1611,0.997252091021341,5313
P0010127_1610,0.668074139666853,25515
P0010137_1610,0.995025287054076,10073
P0020206_1701,0.764767363103977,23397
P0020206_1702,0.637400049801384,26858
P0020206_1703,0.495871791007507,27138
P0020206_1704,0.830106363793814,8681
P0020206_1705,0.821451865593559,27330
P0020213_1612,0.990443387655124,27424
P0020213_1701,0.991291162951661,26932
P0020213_1705,0.988484413893962,26705
P0020215_1701,0.995832908390672,22939
P0030304_1607,0.746696408645758,25470
P0050504_1611,0.988188623335351,27485
P0050514_1611,0.98897870428515,27374
P0050519_1705,0.935419902576626,24169
P0060609_1611,0.981672004442276,27444
P0060616_1611,0.910099258349843,27562
P0060620_1611,0.59056330633469,27543
P0060622_1611,0.973268147821099,27436
P0060623_1612,0.545406682152335,27505
P0060623_1702,0.67329012342805,27085
P0060623_1703,0.985073394010913,27188
P0060623_1704,0.835165433766569,25651
P0060623_1705,0.83710342441972,27350
P0070705_1611,0.800308870214879,20964
P0070707_1610,0.972310830730459,11053
P0070710_1607,0.709900155895839,27048
P0070722_1612,0.988084109294755,27176
P0070722_1701,0.992519456607625,24492
P0070722_1702,0.989861418250724,27253
P0080805_1612,0.985953412008534,27546
P0080805_1705,0.97669076021349,26004
P0080836_1612,0.989444880863531,27405
P0080836_1701,0.99042430833957,27422
P0080840_1611,0.992975330085369,9473
P0080842_1612,0.969160594269911,27483
P0080842_1703,0.807564840535567,16408
P0080842_1704,0.631072027469077,27209
P0080842_1705,0.857338686167407,26431
P0080843_1611,0.987616890702496,27464
P0080854_1611,0.989171142897509,27532
P0080857_1702,0.74134195761982,10619
P0080880_1612,0.926910033133445,25998
P0111104_1611,0.989325709943153,27560
P0111105_1701,0.946320154874563,14005
P0111106_1611,0.988763453666153,27514
P0121204_1701,0.996364136401849,7402
P0121204_1703,0.999369514328331,4934
P0121204_1704,0.995473679086825,11747
P0121204_1705,0.996222794920418,19307
