chrom	pos	J0131403_1511	J0151612_1511	J0272813_1611	J0010107_1511	J0010112_1511	J0010118_1506	J0010120_1412	J0010129_1412	J0020202_1412	J0020208_1412	J0020301_1412	J0020310_1512	J0020313_1412	J0020322_1511	J0030406_1704	J0030417_1412	J0040504_1511	J0050616_1512	J0080906_1511	J0091005_1603	J0101103_1705	J0111209_1412	J0111211_1412	J0121309_1412	J0131404_1511	J0141506_1506	J0141506_1511	J0141509_1412	J0151608_1704	J0151609_1512	J0151616_1412	J0161702_1603	J0161708_1412	J0161711_1603	J0171803_1511	J0171804_1412	J0181907_1412	J0181912_1412	J0202107_1412	J0212203_1412	J0222301_1511	J0222306_1412	J0232410_1511	J0242520_1412	J0252609_1412	J0252610_1611	J0252620_1511	J0262710_1511	J0262712_1412	J0262739_1412	J0262744_1611	J0272802_1412	J0272813_1704	J0272815_1704	J0272815_1705	J0282916_1704	K0010105_1412	K0010105_1504	K0010105_1607	K0020203_1511	K0020204_1512	K0030302_1511	K0030302_1612	K0030303_1511	K0030303_1603	K0030303_1607	K0030305_1511	K0050508_1603	K0050516_1511	K0060609_1511	K0060609_1605	K0060614_1511	K0060617_1511	K0060617_1605	K0060617_1607	K0070713_1610	K0090903_1511	K0090903_1603	K0090903_1610	K0090905_1607	K0090906_1504	K0090906_1506	K0101005_1702	K0141403_1506	K0141404_1511	K0151503_1412	K0151508_1612	K0151509_1610	K0151511_1610	K0151512_1412	K0171707_1412	K0171719_1705	K0171723_1412	K0171724_1611	K0171728_1605	K0171730_1603	K0171732_1511	K0171732_1612	K0171742_1612	K0171742_1701	K0181810_1412	K0181810_1612	K0191907_1511	K0202008_1605	K0212109_1504	K0212109_1506	K0212205_1603	K0222204_1506	K0222213_1702	K0222213_1705	K0222315_1511	K0232412_1612	K0232412_1703	K0232412_1704	K0232412_1705	K0242508_1412	K0242508_1512	K0242508_1605	K0242508_1607	K0242512_1607	K0242515_1412	K0252706_1506	K0252717_1511	K0252724_1412	K0252808_1702	K0262922_1701	K0262922_1703	K0262932_1611	K0262935_1702	K0262939_1412	K0262940_1603	K0262940_1605	K0262940_1612	K0262940_1701	K0262940_1702	K0262941_1702	K0262941_1705	K0263004_1603	K0263008_1702	K0263008_1703	K0263111_1612	K0263111_1705	K0273207_1511	K0273207_1605	K0283310_1511	K0303507_1603	K0303507_1605	K0303507_1607	K0323703_1701	K0323703_1704	K0323719_1511	K0323725_1511	K0323730_1511	K0344102_1511	K0344111_1511	K0364312_1511	K0364312_1612	K0364314_1612	K0364324_1612	K0364329_1511	K0374406_1702	K0374406_1705	K0374502_1705	K0384601_1701	K0384611_1612	K0384611_1701	K0394917_1611	K0394923_1610	K0394934_1610	K0415109_1603	K0425208_1605	N0111111_1607	N0111112_1610	N0111114_1611	N0121205_1611	N0131303_1612	N0131303_1703	N0131303_1705	N0131318_1701	P0010112_1611	P0010116_1607	P0010121_1607	P0020206_1607	P0020208_1607	P0020213_1704	P0020214_1607	P0020214_1612	P0020214_1701	P0020215_1607	P0020215_1612	P0050519_1701	P0050519_1703	P0050519_1704	P0060606_1607	P0060623_1607	P0060623_1701	P0070701_1611	P0070724_1610	P0080805_1701	P0080805_1702	P0080805_1704	P0080811_1701	P0080811_1703	P0080811_1704	P0080824_1607	P0080835_1705	P0080842_1607	P0080842_1701	P0080858_1607	P0080867_1607	P0080880_1702	P0121204_1612	J0010103_1412	J0020302_1506	J0030406_1701	J0030406_1702	J0030406_1705	J0030407_1512	J0030409_1610	J0050605_1511	J0050607_1412	J0050611_1611	J0050617_1611	J0050618_1610	J0060701_1511	J0070804_1610	J0101103_1701	J0101103_1702	J0101103_1703	J0101103_1704	J0111208_1610	J0131406_1512	J0141503_1511	J0151608_1701	J0151608_1703	J0171802_1611	J0171804_1610	J0171805_1611	J0171806_1511	J0181910_1511	J0181911_1611	J0222302_1701	J0232404_1511	J0242509_1611	J0242517_1611	J0262707_1412	J0262707_1506	J0262723_1511	J0262731_1412	J0272803_1512	J0272804_1511	J0272805_1412	J0272809_1611	J0272809_1612	J0272810_1506	J0272812_1611	J0272813_1610	J0272813_1612	J0272813_1701	J0272813_1702	J0272813_1703	J0272813_1705	J0272815_1611	J0272815_1701	J0272815_1702	J0272815_1703	J0282915_1511	J0282916_1701	J0282916_1702	J0282916_1703	J0282916_1705	K0010101_1611	K0010105_1506	K0022008_1512	K0030301_1504	K0030302_1512	K0030302_1610	K0030302_1611	K0030303_1512	K0030303_1605	K0030303_1612	K0050502_1512	K0050512_1611	K0060617_1512	K0060617_1603	K0070714_1611	K0080809_1612	K0080809_1702	K0090903_1512	K0090903_1605	K0090903_1607	K0101005_1512	K0101007_1412	K0111111_1611	K0141403_1504	K0141403_1511	K0141403_1512	K0161621_1506	K0171716_1612	K0171716_1701	K0171716_1702	K0171716_1703	K0171719_1701	K0171722_1512	K0171728_1512	K0171732_1512	K0171738_1412	K0181809_1512	K0181810_1705	K0202002_1512	K0212102_1512	K0212110_1512	K0222208_1611	K0222213_1612	K0222213_1701	K0232412_1701	K0252713_1512	K0252717_1512	K0252808_1611	K0252808_1701	K0262902_1511	K0262913_1611	K0262922_1612	K0262922_1702	K0262922_1704	K0262922_1705	K0262935_1612	K0262940_1511	K0262940_1512	K0262940_1703	K0262940_1704	K0263004_1511	K0263004_1512	K0263008_1612	K0263008_1704	K0263008_1705	K0283406_1512	K0323702_1611	K0344032_1512	K0364309_1511	K0364311_1511	K0364312_1607	K0364314_1701	K0364319_1511	K0364319_1612	K0364324_1701	K0374406_1612	K0374406_1701	K0374408_1412	K0374413_1611	K0374502_1412	K0374502_1612	K0384601_1702	K0384602_1512	K0384604_1511	K0384611_1702	K0394906_1611	K0394938_1611	K0405016_1611	K0415108_1701	K0415108_1702	K0425208_1512	K0425216_1511	N0050505_1610	N0131303_1701	N0131310_1611	N0131318_1611	N0131323_1610	N0141403_1612	P0010104_1611	P0010121_1611	P0010126_1611	P0010127_1610	P0010137_1610	P0020206_1701	P0020206_1702	P0020206_1703	P0020206_1704	P0020206_1705	P0020213_1612	P0020213_1701	P0020213_1705	P0020215_1701	P0030304_1607	P0050504_1611	P0050514_1611	P0050519_1705	P0060609_1611	P0060616_1611	P0060620_1611	P0060622_1611	P0060623_1612	P0060623_1702	P0060623_1703	P0060623_1704	P0060623_1705	P0070705_1611	P0070707_1610	P0070710_1607	P0070711_1611	P0070722_1612	P0070722_1701	P0070722_1702	P0080805_1612	P0080805_1705	P0080836_1612	P0080836_1701	P0080840_1611	P0080842_1612	P0080842_1703	P0080842_1704	P0080842_1705	P0080843_1611	P0080854_1611	P0080857_1702	P0080880_1612	P0090904_1610	P0090907_1701	P0111104_1611	P0111105_1701	P0111106_1611	P0121204_1701	P0121204_1703	P0121204_1704	P0121204_1705
1	145515	1	-1	0	-1	1	1	1	-1	-1	1	1	1	-1	-1	-1	1	-1	-1	1	1	-1	1	1	-1	1	1	1	1	-1	1	1	1	-1	0	1	-1	-1	-1	1	1	1	-1	1	1	-1	-1	-1	-1	1	-1	-1	1	-1	-1	-1	-1	-1	0	-1	1	1	1	-1	1	1	-1	-1	1	1	1	1	1	1	0	-1	-1	-1	1	-1	-1	1	1	-1	1	-1	1	-1	-1	-1	1	1	-1	-1	-1	1	-1	1	-1	-1	-1	1	-1	1	1	1	1	-1	-1	-1	-1	-1	-1	-1	-1	-1	1	1	1	-1	-1	1	-1	-1	1	-1	-1	-1	-1	-1	-1	1	1	-1	-1	-1	-1	-1	1	-1	-1	-1	-1	-1	1	1	1	1	-1	-1	-1	1	1	1	-1	1	1	-1	-1	-1	1	-1	-1	-1	-1	-1	-1	-1	-1	-1	1	1	-1	-1	-1	-1	-1	-1	-1	-1	-1	-1	-1	-1	-1	-1	-1	-1	-1	-1	-1	-1	-1	-1	-1	-1	-1	-1	-1	-1	-1	-1	-1	-1	-1	-1	-1	-1	-1	-1	-1	-1	-1	1	0	1	1	1	1	0	-1	1	0	-1	0	1	-1	1	1	-1	1	0	0	1	1	-1	-1	1	1	1	-1	0	-1	1	0	1	1	1	1	1	1	0	1	0	0	-1	0	-1	0	0	0	0	0	0	0	0	0	1	-1	1	1	1	0	0	0	1	1	0	0	-1	1	0	1	1	1	-1	1	-1	-1	0	1	-1	1	1	1	1	1	1	1	1	1	1	1	0	0	1	1	1	1	0	0	1	1	1	-1	-1	1	1	1	0	1	1	1	1	-1	1	1	-1	1	1	-1	1	1	1	1	1	1	1	1	1	1	1	1	1	0	1	0	1	-1	1	1	1	1	0	0	-1	1	0	1	1	0	1	1	-1	-1	1	-1	1	1	-1	0	-1	-1	0	0	1	1	-1	-1	1	0	0	0	1	-1	1	1	1	0	1	-1	1	1	-1	1	0	1	1	1	1	-1	0	0	0	1	1	0	0	0	1	1	1	1	1	0	-1	1	-1	-1	1	0	1	-1	-1	-1	1
1	180554	0	-1	1	1	1	-1	1	-1	1	-1	0	-1	-1	-1	1	1	-1	1	1	1	1	-1	1	-1	1	1	1	1	1	0	1	1	1	1	0	-1	-1	1	1	1	1	-1	1	1	1	1	-1	1	1	-1	1	1	1	1	1	1	1	1	1	1	1	1	-1	1	1	1	-1	1	1	1	1	0	1	1	1	1	1	1	1	0	0	-1	-1	1	1	-1	1	0	1	0	-1	1	1	-1	1	1	1	1	1	1	1	1	-1	1	1	1	-1	-1	-1	-1	-1	1	1	1	1	-1	1	1	1	1	-1	1	1	-1	1	0	0	0	1	-1	0	0	-1	0	0	-1	1	1	1	1	-1	1	1	1	1	-1	1	-1	1	1	1	1	-1	-1	0	1	1	1	1	1	1	1	1	1	1	1	1	1	1	1	-1	1	1	1	0	1	-1	1	1	1	1	1	-1	1	1	1	1	1	-1	1	0	0	0	1	1	1	1	1	1	1	1	1	1	1	1	1	1	1	1	1	1	1	1	1	1	1	1	0	1	-1	1	1	1	-1	1	1	1	1	1	1	1	1	1	1	1	1	1	1	1	-1	1	1	1	1	1	1	1	0	1	-1	1	1	1	1	-1	1	1	1	1	1	1	1	1	1	1	1	-1	1	1	1	1	1	1	1	1	1	1	1	1	1	1	1	1	1	1	1	1	1	1	1	1	1	1	0	1	1	1	-1	1	1	1	1	1	1	1	0	1	1	1	1	1	1	1	1	1	1	1	1	1	1	1	0	0	0	0	0	1	0	0	0	0	1	1	1	1	1	1	1	1	1	1	0	1	1	1	1	1	1	1	1	1	-1	1	1	1	1	1	1	0	1	1	1	-1	1	1	1	1	1	1	0	1	-1	1	-1	1	1	1	1	1	1	1	1	1	1	1	1	0	1	1	1	1	1	-1	1	1	1	1	1	1	1	1	1	1	1	1	1	1	1	1	1	1	1	1	1	1	0	1	1	1	1	1	1	1	1	1
1	283144	1	-1	0	1	0	0	-1	0	-1	1	-1	-1	-1	1	0	0	0	0	0	0	-1	1	0	-1	0	1	-1	1	1	0	1	0	1	1	0	0	1	0	0	-1	1	1	-1	0	0	1	0	0	1	1	0	0	0	-1	0	1	-1	-1	0	1	1	0	1	0	-1	1	-1	-1	0	0	0	0	0	0	0	0	0	0	0	-1	0	-1	-1	0	0	0	0	-1	0	0	0	-1	-1	-1	0	0	1	1	0	0	-1	0	0	1	1	1	1	0	0	1	0	1	1	1	0	0	1	1	-1	-1	-1	0	1	0	1	1	1	0	0	-1	0	0	0	0	0	0	0	0	0	0	0	-1	1	1	1	0	1	-1	1	-1	0	0	0	0	0	0	-1	0	1	1	1	0	0	0	-1	0	0	0	0	-1	1	0	1	0	-1	0	-1	0	-1	-1	0	0	0	1	0	0	0	0	-1	0	1	1	1	-1	0	0	0	-1	1	1	1	1	1	-1	0	1	0	1	0	0	1	0	0	1	0	0	0	0	0	0	1	0	1	-1	0	0	1	1	1	1	0	0	-1	0	0	1	0	0	0	-1	0	1	1	0	0	1	1	0	0	0	0	1	-1	0	0	0	0	0	0	0	0	0	0	0	0	0	-1	1	1	1	1	0	0	0	0	0	0	0	1	0	0	0	0	0	0	1	0	1	0	0	0	0	1	0	0	0	0	0	0	0	0	0	0	1	0	0	1	0	0	1	0	0	1	0	0	1	1	1	0	1	1	-1	1	1	1	1	0	0	0	0	0	0	0	0	0	0	0	0	0	0	0	1	0	1	1	1	0	1	-1	-1	0	1	0	0	0	0	0	1	0	0	1	-1	1	0	1	1	1	1	0	0	1	1	1	0	1	-1	0	1	0	0	0	0	-1	1	0	1	1	1	0	-1	0	0	1	0	1	0	1	0	0	-1	1	1	1	1	1	1	1	0	1	1	1	1	1	0	0	1	-1	1	1	0	0	0	0	0	0
1	535211	0	-1	0	0	-1	1	0	-1	1	-1	-1	-1	-1	-1	0	0	-1	1	0	0	0	0	0	1	1	0	0	0	0	0	0	1	1	0	0	1	-1	-1	0	-1	0	0	1	-1	0	-1	-1	0	1	-1	0	0	0	-1	0	0	-1	-1	0	0	0	0	-1	1	-1	0	-1	0	0	1	1	1	0	0	0	0	0	0	0	0	-1	0	1	0	0	0	0	-1	0	-1	-1	0	-1	0	1	1	0	0	0	0	-1	-1	0	0	0	0	-1	-1	-1	0	1	0	0	0	0	1	-1	-1	1	-1	0	1	0	1	0	0	0	1	0	0	1	1	0	1	1	0	0	0	0	0	0	1	0	0	0	0	1	1	0	-1	1	-1	-1	1	0	0	0	-1	0	0	-1	0	0	0	0	0	0	0	0	0	-1	0	0	0	-1	-1	-1	0	-1	0	1	0	0	0	0	0	0	0	-1	0	0	0	0	-1	0	-1	1	0	0	0	0	0	0	0	0	1	1	0	0	1	0	0	0	0	0	0	0	0	0	0	0	1	0	0	-1	0	0	0	0	-1	1	0	0	0	0	0	-1	0	0	0	1	-1	0	0	0	0	0	1	0	0	0	0	0	0	0	0	0	0	0	0	0	0	0	0	0	0	0	0	0	0	0	0	1	0	0	0	0	0	0	1	0	-1	0	-1	0	1	0	-1	0	1	0	0	0	0	0	0	0	-1	0	0	-1	0	0	0	1	0	0	0	0	0	0	1	0	-1	-1	0	0	-1	0	0	0	0	0	0	0	0	0	1	1	1	1	0	0	0	-1	-1	0	1	1	1	0	0	0	0	0	0	1	1	0	0	0	0	0	1	0	0	0	0	1	1	0	0	1	-1	0	-1	0	0	0	0	-1	-1	0	0	0	1	0	1	0	0	0	0	0	0	0	0	0	0	0	0	0	0	0	0	0	0	-1	0	1	0	0	0	0	0	0	0	0	0	0	0	1	0	0	0	0	0	0	-1	0	0	1	0	0	0	-1
2	470013	0	-1	1	1	1	-1	-1	1	1	-1	0	1	0	-1	-1	1	0	1	1	0	0	-1	0	1	1	1	1	1	-1	1	0	-1	-1	0	1	0	1	1	1	0	0	1	0	0	-1	-1	-1	0	1	-1	-1	0	-1	-1	-1	0	1	0	-1	0	1	1	0	0	0	-1	0	1	1	0	0	1	0	0	0	0	0	0	-1	-1	1	-1	-1	1	0	1	-1	1	0	0	1	0	1	0	0	0	0	0	0	-1	1	-1	1	1	1	1	1	0	0	-1	0	-1	1	-1	-1	1	0	0	0	1	0	0	1	-1	-1	-1	-1	0	-1	1	1	1	-1	-1	-1	-1	-1	0	-1	-1	-1	0	-1	0	0	0	1	1	-1	-1	1	1	1	0	0	-1	-1	-1	0	0	0	-1	0	-1	-1	0	0	-1	0	0	1	0	1	-1	-1	1	-1	-1	1	0	0	1	0	0	0	0	-1	-1	-1	0	-1	-1	-1	-1	0	-1	-1	-1	-1	0	0	0	0	-1	1	-1	0	-1	-1	0	-1	-1	1	1	1	1	1	-1	0	1	1	1	1	-1	1	-1	0	0	-1	-1	1	0	1	1	0	1	-1	1	0	0	1	0	0	1	0	1	-1	1	1	0	0	-1	1	1	0	1	-1	1	1	1	1	1	1	1	1	1	1	0	0	0	0	0	0	0	1	1	0	0	0	0	0	0	1	0	0	1	-1	0	0	0	-1	1	0	1	1	1	0	-1	1	1	1	-1	0	1	0	0	0	0	-1	0	0	0	1	0	0	-1	-1	1	-1	1	0	-1	1	-1	1	1	0	1	1	-1	1	0	0	-1	1	1	1	1	0	1	1	0	1	0	0	-1	-1	0	1	-1	1	1	-1	0	1	1	0	1	1	-1	0	1	1	0	1	-1	1	0	0	-1	-1	1	-1	0	1	0	0	0	0	0	0	0	0	0	1	0	1	1	1	-1	1	-1	1	1	1	-1	0	-1	0	0	1	1	1	0	0	1	1	-1	1	-1	-1	1	0	0	0	1	-1	-1	0	0	0	-1	-1	0	0
2	529709	0	-1	1	-1	-1	-1	1	-1	1	1	-1	1	-1	1	-1	1	-1	1	-1	1	-1	-1	1	1	1	-1	-1	1	-1	-1	1	-1	-1	1	-1	-1	-1	-1	1	1	-1	-1	-1	1	-1	1	-1	-1	1	-1	-1	1	-1	-1	-1	1	1	1	-1	-1	1	1	1	-1	0	0	-1	-1	-1	-1	-1	1	-1	1	-1	-1	-1	-1	1	-1	-1	-1	-1	-1	-1	-1	-1	1	1	-1	-1	0	-1	-1	-1	-1	-1	-1	1	1	1	1	-1	-1	-1	-1	1	-1	-1	1	-1	0	0	-1	-1	1	1	-1	-1	-1	-1	-1	-1	-1	-1	1	-1	1	1	-1	-1	-1	-1	1	-1	-1	-1	0	0	0	0	-1	-1	-1	-1	-1	-1	1	-1	1	-1	-1	-1	-1	-1	-1	1	-1	1	1	1	1	1	1	-1	-1	1	1	-1	-1	0	-1	-1	1	0	-1	-1	0	-1	-1	-1	-1	1	-1	-1	-1	-1	-1	1	-1	1	1	1	-1	0	-1	1	-1	-1	0	-1	-1	-1	-1	0	-1	-1	-1	1	1	-1	0	1	1	1	1	1	-1	1	-1	1	0	1	-1	1	-1	1	1	-1	-1	0	1	1	1	-1	1	-1	1	1	1	0	-1	-1	1	1	1	-1	1	1	-1	0	-1	1	1	-1	1	1	1	1	1	1	1	1	1	1	1	-1	1	1	1	-1	1	-1	0	1	1	1	-1	0	1	1	-1	1	0	-1	1	1	-1	1	1	-1	1	0	1	1	0	0	1	1	1	1	-1	1	1	1	0	1	1	1	1	-1	1	1	-1	1	0	0	1	0	1	1	1	1	1	1	1	1	1	1	1	1	0	0	-1	-1	-1	0	1	1	1	1	1	0	1	1	-1	1	-1	1	1	1	1	-1	0	-1	1	1	0	1	1	1	1	-1	0	1	-1	1	-1	-1	1	-1	0	1	-1	1	1	1	1	1	0	0	0	1	1	1	1	1	1	1	1	1	1	1	1	1	1	-1	0	1	-1	1	1	1	1	1	1	1	-1	1	1	1	1	1	1	1	1	-1	-1	1	1	1	0	0	-1	0
2	714480	1	1	1	1	1	1	-1	1	1	1	-1	-1	1	-1	1	1	1	1	1	1	1	-1	1	1	0	1	1	1	-1	0	0	1	-1	1	1	-1	1	1	0	1	0	-1	-1	1	1	-1	1	1	1	1	1	1	1	1	1	1	1	1	1	0	1	1	1	1	-1	0	1	1	0	1	-1	1	-1	-1	1	-1	1	0	0	1	1	0	1	1	1	1	1	1	1	1	-1	1	-1	1	1	1	0	1	1	1	1	0	1	1	1	1	1	0	1	1	1	1	1	1	1	1	0	0	0	1	-1	1	1	1	1	1	1	0	1	1	1	1	-1	1	1	1	1	1	1	1	1	-1	1	1	0	-1	1	1	1	-1	-1	1	1	1	1	1	1	0	1	0	1	0	1	1	1	1	0	1	1	1	1	1	1	1	1	1	-1	1	-1	1	1	1	0	0	1	1	0	0	1	1	1	1	1	1	1	1	1	1	0	0	0	0	0	1	1	1	1	0	0	1	1	1	0	1	1	1	1	1	1	1	1	1	1	1	1	1	1	1	1	1	1	0	1	1	1	1	1	1	1	-1	1	1	0	1	1	1	1	1	1	-1	1	1	1	1	1	1	1	1	1	1	1	1	1	1	1	1	-1	1	1	1	0	1	1	-1	1	1	1	1	-1	1	1	1	1	1	-1	1	-1	1	0	0	0	1	1	1	1	1	1	1	1	1	1	1	1	1	1	1	0	1	0	1	1	1	1	-1	1	1	1	1	1	1	0	1	1	1	1	1	1	1	1	1	1	1	1	1	1	1	1	1	1	-1	1	1	0	1	1	1	1	1	1	1	1	0	1	1	1	1	1	1	1	1	1	1	-1	1	1	1	0	1	0	1	1	1	1	-1	1	1	-1	1	1	1	1	1	1	1	1	0	1	1	1	0	1	-1	-1	1	0	1	1	0	1	-1	1	1	1	0	0	1	1	1	1	-1	-1	0	0	1	1	1	1	1	0	1	0	1	1	1	1
2	839620	1	1	1	-1	-1	-1	1	-1	1	1	0	-1	-1	1	1	-1	-1	1	1	0	-1	-1	0	1	0	0	1	0	1	0	1	1	-1	0	0	-1	-1	-1	1	1	1	-1	-1	0	-1	1	0	-1	1	-1	1	0	1	1	1	0	-1	1	1	1	0	1	-1	1	1	0	-1	-1	-1	1	-1	0	-1	0	1	-1	1	0	0	0	1	-1	1	1	1	1	0	1	1	-1	1	-1	-1	1	1	0	-1	1	1	1	1	1	-1	-1	0	0	-1	-1	1	1	-1	0	0	0	0	-1	1	1	-1	-1	-1	-1	1	-1	0	-1	0	1	0	-1	1	1	-1	1	-1	1	0	1	0	0	1	-1	1	1	1	-1	1	1	0	1	0	1	1	-1	0	1	1	0	0	1	-1	1	0	1	0	1	1	0	1	0	1	0	1	1	1	0	1	0	1	-1	0	0	1	1	0	1	1	1	-1	0	1	1	-1	-1	1	-1	0	0	1	1	1	1	0	-1	0	0	0	1	1	0	1	1	1	0	1	1	1	1	0	1	1	1	1	1	1	0	1	1	1	1	1	0	1	1	0	1	0	0	1	1	1	-1	1	1	1	1	-1	0	-1	-1	1	1	1	1	-1	1	1	1	1	1	1	1	1	1	1	1	-1	0	0	0	0	1	1	1	1	1	1	1	0	1	1	1	0	-1	0	1	-1	1	0	0	0	0	1	0	1	1	1	-1	1	1	1	1	1	0	0	0	1	1	1	1	1	1	0	-1	1	0	1	1	1	1	1	1	0	0	0	0	1	1	1	1	1	1	1	0	0	0	1	0	1	-1	0	0	0	0	1	1	1	1	0	-1	0	1	1	0	1	1	1	0	0	1	1	0	-1	1	1	-1	0	1	1	-1	-1	1	0	0	-1	0	-1	0	0	0	0	0	0	0	1	1	1	0	1	-1	0	0	0	0	0	0	0	1	1	-1	1	1	1	1	1	1	1	1	1	1	1	1	1	1	1	0	-1	1	1	1	1	1	1	1	1
3	656861	1	1	1	1	-1	-1	-1	-1	-1	-1	1	1	-1	-1	1	1	1	1	1	1	-1	1	1	1	1	1	1	1	1	1	1	1	1	1	1	1	-1	1	1	1	1	1	1	1	1	1	1	1	1	-1	1	1	1	1	1	1	1	1	1	1	1	1	-1	1	1	1	-1	1	1	-1	1	1	1	1	1	0	1	1	1	1	1	1	1	1	1	1	1	1	1	1	1	1	1	1	1	1	1	1	1	1	1	1	-1	1	1	1	1	-1	-1	1	1	1	1	1	1	-1	1	1	1	1	-1	-1	1	-1	1	1	1	1	1	-1	1	1	1	1	1	1	1	1	1	1	1	1	1	1	1	1	1	1	-1	1	1	1	1	1	1	1	1	1	1	1	1	1	1	1	1	1	1	0	1	1	1	1	1	1	1	1	-1	1	1	1	1	1	1	1	1	-1	-1	1	1	-1	1	1	1	1	1	-1	1	1	1	1	1	1	0	1	1	1	1	1	1	1	-1	1	1	1	1	1	1	1	0	1	1	1	1	1	1	0	1	1	1	1	1	1	1	1	1	1	1	1	1	1	1	1	1	1	1	0	0	1	1	1	1	-1	1	1	-1	1	1	1	1	1	1	1	1	1	1	1	1	1	1	1	1	1	1	1	1	1	1	1	1	1	1	1	1	1	1	1	1	1	1	1	1	1	1	1	1	1	1	1	1	1	1	1	1	1	1	1	1	1	1	1	1	1	1	-1	1	1	1	1	1	1	1	1	1	1	1	1	1	1	1	1	1	1	1	1	1	1	1	1	1	1	1	1	1	1	1	1	1	1	1	1	1	1	1	1	1	1	1	1	0	1	1	1	-1	1	1	-1	1	1	1	1	1	-1	1	0	1	1	1	1	1	1	1	1	1	1	1	1	1	1	1	1	1	1	1	1	1	1	1	1	1	1	1	1	1	1	1	1	1	1	1	1	1	1	1	1	1	1	1	1	1	0	1	1	1	1	1
4	110442	0	-1	1	-1	-1	-1	-1	-1	-1	-1	-1	-1	-1	-1	-1	-1	-1	-1	-1	-1	-1	-1	-1	-1	-1	-1	-1	-1	-1	-1	-1	-1	-1	-1	-1	-1	-1	-1	-1	-1	-1	-1	-1	-1	-1	-1	-1	-1	-1	-1	-1	-1	-1	-1	-1	-1	-1	-1	-1	-1	-1	-1	-1	-1	-1	-1	-1	-1	-1	-1	-1	-1	-1	-1	-1	-1	-1	-1	-1	-1	-1	-1	-1	-1	-1	-1	-1	-1	-1	-1	-1	-1	-1	-1	-1	-1	-1	-1	-1	-1	-1	-1	-1	-1	-1	-1	-1	-1	-1	-1	-1	-1	-1	-1	-1	-1	-1	-1	-1	-1	-1	-1	-1	-1	-1	-1	-1	-1	-1	-1	-1	-1	-1	-1	-1	-1	-1	-1	-1	-1	-1	-1	-1	-1	-1	-1	-1	-1	-1	-1	-1	-1	-1	-1	-1	-1	-1	-1	-1	-1	-1	-1	-1	-1	-1	-1	-1	-1	-1	-1	-1	-1	-1	-1	-1	-1	-1	-1	-1	-1	-1	-1	-1	-1	-1	-1	-1	-1	-1	-1	-1	-1	-1	-1	-1	-1	-1	-1	-1	-1	-1	-1	-1	-1	-1	-1	-1	-1	-1	-1	-1	-1	0	0	0	0	0	-1	1	-1	1	0	0	-1	0	-1	1	1	-1	-1	0	1	1	1	-1	0	-1	-1	0	-1	0	-1	-1	1	-1	0	-1	0	0	-1	1	-1	1	1	-1	1	1	1	1	1	1	1	1	1	1	1	-1	0	0	0	-1	1	1	0	1	0	0	-1	-1	1	1	-1	1	0	0	0	-1	-1	-1	1	-1	0	-1	0	1	-1	-1	-1	0	0	0	-1	-1	1	1	1	0	0	1	0	-1	1	1	1	-1	-1	0	0	0	1	1	1	0	0	0	0	-1	0	0	-1	0	0	0	1	1	1	0	0	1	-1	1	0	1	1	1	1	1	-1	-1	0	0	0	-1	-1	-1	1	1	0	1	-1	1	1	-1	-1	1	-1	0	1	-1	0	-1	-1	-1	-1	-1	0	0	-1	0	1	1	1	1	0	0	0	1	1	1	0	0	0	0	0	0	-1	0	-1	-1	-1	1	1	1	0	0	1	1	-1	0	-1	-1	0	0	1	1	1	-1	-1	0	-1	1	-1	-1	-1	0
4	139051	1	1	1	1	1	-1	-1	-1	-1	-1	1	1	-1	-1	-1	-1	-1	1	-1	1	-1	-1	1	-1	1	1	1	1	-1	-1	1	1	-1	1	1	-1	-1	-1	1	1	1	-1	1	1	-1	-1	-1	1	1	-1	-1	1	-1	-1	-1	-1	1	1	-1	-1	1	-1	-1	1	1	-1	-1	1	1	1	1	-1	1	1	-1	-1	1	1	-1	-1	1	-1	-1	1	1	1	-1	-1	-1	-1	1	-1	-1	-1	1	-1	1	-1	-1	-1	-1	-1	-1	-1	1	1	-1	-1	-1	-1	-1	-1	-1	-1	-1	-1	1	1	-1	-1	-1	-1	1	-1	-1	-1	-1	-1	-1	-1	1	1	-1	-1	-1	-1	-1	-1	-1	-1	-1	-1	1	1	1	1	-1	-1	-1	-1	-1	-1	-1	-1	1	-1	-1	-1	-1	1	-1	-1	-1	-1	-1	-1	-1	-1	-1	1	1	-1	-1	-1	-1	-1	-1	-1	-1	-1	-1	-1	-1	-1	-1	-1	-1	-1	-1	-1	-1	-1	-1	-1	-1	-1	-1	-1	-1	-1	-1	-1	-1	-1	-1	-1	-1	-1	-1	-1	-1	-1	1	1	0	0	0	1	1	-1	0	1	0	-1	0	-1	1	1	-1	-1	1	-1	1	-1	-1	0	1	1	-1	-1	-1	-1	1	1	1	1	-1	0	0	1	1	-1	1	1	-1	1	-1	1	1	1	-1	1	1	1	1	1	-1	1	1	-1	1	1	1	1	-1	-1	1	1	1	1	1	1	0	1	1	1	-1	-1	1	1	-1	0	1	0	1	-1	1	-1	1	1	-1	-1	-1	1	1	1	1	1	0	1	1	1	1	1	-1	1	-1	-1	-1	1	1	0	1	-1	1	1	-1	1	1	-1	1	0	0	0	-1	0	1	1	1	-1	1	1	0	1	1	1	-1	-1	1	-1	0	1	-1	1	-1	1	1	1	0	-1	-1	1	-1	-1	-1	-1	0	1	-1	1	-1	-1	1	-1	-1	0	-1	-1	0	1	1	1	-1	1	1	0	-1	1	1	0	1	-1	0	1	-1	1	-1	1	1	-1	1	-1	1	1	1	1	1	1	1	-1	1	1	0	1	-1	0	-1	-1	0	-1	1	-1	-1	-1	-1
4	286542	0	-1	0	1	0	1	1	1	-1	-1	-1	0	-1	1	-1	1	1	1	1	0	-1	0	1	-1	1	1	1	1	-1	1	1	1	-1	1	0	1	-1	1	0	1	1	-1	0	1	-1	-1	-1	1	1	-1	-1	1	-1	-1	-1	-1	1	1	-1	-1	1	1	-1	0	0	-1	-1	1	1	0	0	0	1	1	-1	-1	1	-1	-1	-1	-1	-1	-1	1	1	1	-1	-1	-1	1	0	-1	-1	-1	0	0	1	-1	-1	-1	1	-1	1	0	0	0	1	0	-1	-1	0	-1	-1	-1	-1	0	1	1	-1	-1	1	0	1	-1	-1	-1	-1	-1	-1	1	1	1	-1	-1	-1	-1	-1	0	-1	-1	-1	-1	1	-1	0	1	1	-1	-1	-1	-1	1	1	1	1	1	-1	-1	-1	1	-1	-1	-1	-1	-1	-1	-1	-1	-1	1	1	-1	-1	-1	-1	-1	-1	-1	-1	-1	-1	-1	-1	-1	-1	-1	-1	-1	-1	-1	-1	-1	-1	-1	-1	-1	-1	-1	-1	-1	-1	-1	-1	-1	-1	-1	-1	-1	-1	-1	-1	-1	0	1	1	1	1	0	0	1	0	1	1	-1	1	-1	1	1	-1	-1	1	1	1	1	-1	1	1	1	1	0	1	-1	1	0	-1	1	1	0	1	1	1	-1	0	0	1	0	-1	0	0	0	0	0	0	0	0	0	1	1	1	1	1	1	1	1	1	1	0	1	-1	0	1	0	1	1	1	1	1	-1	-1	1	-1	1	1	1	1	1	1	-1	0	0	0	-1	-1	1	0	1	1	1	1	1	1	0	1	-1	-1	0	1	1	-1	1	1	-1	1	-1	1	1	-1	1	1	-1	1	0	0	-1	-1	1	1	1	0	1	0	1	1	1	1	-1	-1	1	1	1	1	-1	-1	1	1	1	1	0	1	1	-1	1	-1	-1	-1	-1	1	1	-1	1	-1	-1	1	-1	1	1	1	-1	-1	0	0	0	1	1	1	1	1	1	0	1	1	1	1	1	0	1	-1	-1	0	-1	1	1	1	0	0	1	1	-1	1	-1	-1	1	1	1	-1	1	-1	-1	1	-1	1	-1	-1	0	-1
4	529500	0	0	0	0	0	-1	1	1	0	-1	-1	-1	-1	0	-1	1	0	1	1	0	-1	-1	1	1	0	1	0	1	-1	0	1	0	1	0	0	1	1	1	0	-1	0	1	-1	1	1	-1	-1	-1	1	-1	-1	1	-1	-1	-1	-1	0	0	-1	1	1	1	-1	0	1	-1	1	0	0	0	0	0	1	1	-1	-1	1	1	-1	-1	-1	-1	-1	0	1	0	-1	-1	-1	0	0	-1	-1	-1	0	0	1	-1	-1	-1	1	-1	0	0	0	0	0	1	-1	-1	0	-1	-1	-1	-1	0	0	0	-1	-1	-1	-1	1	-1	-1	-1	-1	-1	-1	1	1	1	-1	-1	-1	-1	-1	0	-1	-1	-1	-1	0	0	1	-1	0	-1	-1	-1	1	1	1	0	0	0	-1	-1	-1	1	-1	-1	-1	-1	-1	-1	-1	-1	-1	1	0	-1	-1	-1	-1	-1	-1	-1	-1	-1	-1	-1	-1	-1	-1	-1	-1	-1	-1	-1	-1	-1	-1	-1	-1	-1	-1	-1	-1	-1	-1	-1	-1	-1	-1	-1	-1	-1	-1	-1	-1	-1	0	1	1	1	1	0	1	-1	0	1	1	-1	1	0	0	0	-1	-1	1	0	0	0	-1	1	-1	0	1	0	1	-1	0	0	0	0	-1	0	1	-1	0	1	0	0	1	0	-1	0	0	0	0	0	0	0	0	0	1	0	0	0	0	1	0	1	1	1	1	1	1	0	1	0	0	1	-1	0	-1	-1	1	1	-1	0	1	0	0	1	0	0	0	0	-1	-1	-1	0	0	0	1	1	0	0	0	0	0	-1	-1	0	-1	1	0	1	0	0	0	-1	0	0	-1	1	1	-1	-1	0	0	0	-1	-1	1	0	0	1	1	1	0	1	1	-1	0	1	1	0	1	1	-1	1	1	0	1	1	0	0	-1	0	0	-1	1	-1	0	0	-1	1	-1	-1	1	-1	1	-1	1	-1	1	1	1	1	1	1	1	1	1	1	0	1	1	1	1	1	1	1	-1	-1	0	-1	1	1	1	1	1	1	1	-1	1	-1	-1	1	1	1	1	0	-1	-1	1	-1	0	-1	-1	-1	0
4	531138	0	0	0	-1	-1	-1	-1	-1	-1	-1	-1	-1	-1	-1	-1	-1	-1	-1	-1	-1	-1	-1	-1	-1	-1	-1	-1	-1	-1	-1	-1	-1	-1	-1	-1	-1	-1	-1	-1	-1	-1	-1	-1	-1	-1	-1	-1	-1	-1	-1	-1	-1	-1	-1	-1	-1	-1	-1	-1	-1	-1	-1	-1	-1	-1	-1	-1	-1	-1	-1	-1	-1	-1	-1	-1	-1	-1	-1	-1	-1	-1	-1	-1	-1	-1	-1	-1	-1	-1	-1	-1	-1	-1	-1	-1	-1	-1	-1	-1	-1	-1	-1	-1	-1	-1	-1	-1	-1	-1	-1	-1	-1	-1	-1	-1	-1	-1	-1	-1	-1	-1	-1	-1	-1	-1	-1	-1	-1	-1	-1	-1	-1	-1	-1	-1	-1	-1	-1	-1	-1	-1	-1	-1	-1	-1	-1	-1	-1	-1	-1	-1	-1	-1	-1	-1	-1	-1	-1	-1	-1	-1	-1	-1	-1	-1	-1	-1	-1	-1	-1	-1	-1	-1	-1	-1	-1	-1	-1	-1	-1	-1	-1	-1	-1	-1	-1	-1	-1	-1	-1	-1	-1	-1	-1	-1	-1	-1	-1	-1	-1	-1	-1	-1	-1	-1	-1	-1	-1	-1	-1	-1	-1	1	0	0	0	0	-1	0	-1	0	1	0	-1	0	-1	0	0	-1	-1	1	0	-1	0	-1	0	0	1	1	-1	1	-1	-1	0	0	0	-1	0	0	-1	1	-1	0	0	-1	0	-1	0	0	0	0	0	0	0	0	0	0	0	0	0	0	0	-1	0	-1	0	0	0	0	0	0	0	1	-1	-1	1	-1	-1	0	0	-1	0	0	0	1	1	-1	-1	1	1	1	-1	-1	0	0	1	0	0	1	0	-1	0	0	-1	-1	0	0	0	0	0	0	0	0	-1	0	0	-1	0	0	0	0	1	1	1	-1	-1	0	1	0	-1	0	1	0	1	0	0	-1	0	0	-1	0	0	-1	-1	1	0	0	0	1	1	-1	1	-1	-1	0	-1	-1	0	-1	0	-1	-1	0	-1	-1	-1	1	-1	1	1	1	1	1	0	1	1	1	0	0	0	0	-1	0	0	0	0	1	-1	0	-1	1	1	1	0	0	1	1	-1	0	0	0	0	1	0	-1	1	-1	-1	1	-1	0	-1	-1	-1	1
4	648101	0	0	0	-1	-1	-1	-1	0	0	0	-1	0	0	-1	0	0	-1	0	1	1	1	1	0	-1	1	1	0	1	-1	0	0	-1	1	0	0	-1	0	0	0	-1	0	1	0	0	0	0	1	0	1	0	0	0	0	-1	0	1	1	1	-1	0	0	1	1	0	0	0	-1	1	0	0	-1	1	-1	-1	0	-1	0	1	1	0	0	0	1	0	0	0	1	1	0	-1	0	0	0	1	0	0	-1	1	0	-1	-1	1	-1	0	-1	1	0	0	1	1	-1	0	0	0	1	-1	1	1	1	0	-1	-1	0	-1	1	0	0	-1	0	0	1	1	0	1	1	0	0	0	1	1	1	1	-1	1	1	1	1	1	-1	-1	-1	1	-1	0	0	1	0	-1	1	0	-1	1	1	-1	0	-1	1	0	0	-1	-1	0	0	1	0	0	-1	0	0	1	0	0	0	0	0	0	0	0	1	1	1	1	1	0	0	0	0	0	0	0	0	0	1	1	0	-1	0	0	0	-1	-1	0	0	1	0	0	0	-1	0	-1	1	1	0	1	1	-1	1	1	1	1	1	1	0	0	0	0	-1	1	0	0	-1	-1	-1	0	1	0	0	1	0	-1	0	-1	0	0	-1	0	0	0	0	0	0	0	0	0	0	0	-1	1	1	1	1	1	1	1	1	1	0	-1	0	0	1	-1	0	-1	-1	0	0	0	1	0	1	0	0	0	0	1	0	0	1	1	1	1	1	0	0	0	0	1	1	1	1	0	0	1	1	0	1	0	1	1	1	1	0	0	0	0	-1	1	1	1	0	0	0	1	1	1	1	0	0	1	0	0	0	1	0	1	0	-1	0	1	1	1	0	0	0	0	1	0	1	1	1	0	0	0	1	0	0	0	0	0	1	1	1	0	1	0	-1	0	1	0	0	0	1	0	0	0	1	1	1	0	0	0	-1	0	1	0	0	0	0	1	1	1	1	0	0	1	1	1	0	-1	-1	0	0	1	1	0	0	1	0	0	1	0	0	0	0
4	881571	0	0	0	0	-1	1	-1	1	1	-1	0	-1	-1	1	-1	-1	1	1	1	1	-1	1	1	1	1	1	-1	1	-1	0	0	1	1	1	1	-1	1	1	1	1	1	-1	-1	1	1	-1	1	0	1	-1	-1	1	-1	-1	-1	-1	1	1	-1	1	1	1	-1	-1	1	-1	1	1	1	1	1	0	1	-1	-1	-1	1	0	-1	-1	-1	0	-1	0	1	-1	-1	-1	-1	1	0	-1	-1	-1	0	1	1	-1	-1	-1	-1	-1	1	1	1	1	1	1	-1	-1	-1	-1	-1	-1	-1	-1	0	0	-1	-1	1	1	1	-1	-1	-1	-1	-1	-1	1	1	1	-1	-1	-1	-1	-1	1	-1	-1	-1	-1	0	0	1	1	1	-1	-1	-1	0	1	-1	0	1	0	-1	-1	-1	1	-1	-1	-1	-1	-1	-1	-1	-1	-1	0	1	-1	-1	-1	-1	-1	-1	-1	-1	-1	-1	-1	-1	-1	-1	-1	-1	-1	-1	-1	-1	-1	-1	-1	-1	-1	-1	-1	-1	-1	-1	-1	-1	-1	-1	-1	-1	-1	-1	-1	-1	-1	1	1	1	1	1	0	1	1	1	1	0	1	1	1	0	0	0	-1	1	1	-1	1	1	0	1	0	1	0	0	-1	0	0	0	1	1	0	-1	1	0	-1	0	0	1	-1	-1	0	0	0	1	0	1	1	1	0	-1	0	1	0	1	1	1	1	1	1	0	1	-1	1	1	0	0	-1	0	0	1	1	1	0	1	1	1	0	0	1	0	0	1	1	1	1	0	0	1	1	0	1	0	1	1	0	0	-1	-1	1	1	1	1	1	0	1	1	-1	1	1	1	1	1	-1	1	1	1	1	1	1	1	1	1	-1	1	-1	1	1	1	1	1	1	-1	-1	0	1	1	1	0	1	1	1	1	1	0	1	-1	-1	1	-1	1	0	0	1	-1	1	1	-1	1	0	-1	-1	0	1	1	1	0	1	1	1	1	1	1	0	1	0	0	1	0	1	0	1	1	-1	1	1	1	1	1	1	1	1	1	1	1	1	1	1	1	0	-1	-1	1	1	0	1	1	1	1
4	891732	1	1	1	-1	1	1	1	1	1	1	1	1	1	1	-1	1	0	1	1	1	1	1	1	-1	1	1	-1	1	-1	1	1	-1	1	1	1	1	1	1	1	1	1	1	1	1	-1	-1	1	1	1	-1	1	1	-1	-1	-1	-1	1	1	1	1	1	1	-1	1	1	-1	1	1	1	1	1	1	1	-1	-1	-1	-1	1	-1	-1	1	-1	-1	1	1	1	-1	-1	-1	1	1	-1	1	-1	1	1	1	0	-1	-1	1	-1	1	1	1	1	-1	-1	-1	-1	1	-1	1	1	-1	1	1	1	-1	-1	-1	1	1	1	-1	0	0	-1	-1	1	1	1	-1	1	1	-1	1	1	-1	1	-1	1	1	1	1	1	1	-1	-1	-1	1	1	1	-1	1	1	-1	-1	-1	1	0	-1	-1	-1	-1	-1	-1	-1	-1	1	1	-1	-1	1	-1	-1	-1	1	-1	1	-1	-1	-1	-1	-1	-1	-1	-1	-1	-1	-1	-1	0	-1	-1	-1	-1	-1	-1	-1	-1	-1	-1	-1	-1	-1	-1	-1	-1	-1	-1	-1	1	1	1	1	1	1	1	1	1	1	1	-1	1	-1	1	1	1	1	1	1	-1	1	-1	1	1	1	1	1	1	1	1	1	1	0	0	1	1	1	1	1	1	1	1	1	-1	1	1	1	1	1	1	1	1	1	1	1	1	1	1	1	1	1	1	1	1	1	1	1	1	1	1	-1	1	1	-1	1	0	1	-1	1	1	0	1	1	1	1	1	1	1	1	-1	1	1	1	1	1	1	1	1	1	1	-1	-1	1	1	1	-1	1	1	1	0	0	0	0	-1	1	1	1	1	1	1	1	1	-1	1	1	1	1	1	1	1	1	1	-1	0	1	1	-1	1	1	1	1	1	1	1	1	1	1	1	1	1	1	1	-1	1	1	1	1	0	-1	1	1	1	0	1	0	1	1	1	1	1	1	0	1	1	1	1	1	1	1	1	1	1	1	1	1	1	-1	1	1	1	1	1	1	1	-1	1	1	1	1	1	1	1	1	0	-1	1	-1	1	1	1	1	1
4	1037656	0	0	0	1	1	1	-1	1	0	1	-1	0	1	-1	0	1	0	0	0	0	0	0	1	1	1	1	-1	1	-1	1	0	-1	-1	1	1	1	0	0	0	0	0	0	0	1	1	1	1	1	0	0	0	1	0	1	1	0	1	0	1	0	0	1	1	1	1	1	-1	0	1	-1	-1	0	-1	-1	1	1	0	1	1	1	0	0	1	1	1	0	0	1	1	1	0	1	0	0	0	0	0	1	1	1	0	1	-1	0	1	1	0	0	0	1	1	1	1	1	1	-1	1	1	1	-1	1	-1	1	1	0	0	0	1	0	0	1	1	0	1	1	1	-1	1	1	1	1	0	1	1	1	-1	-1	1	0	-1	-1	1	1	-1	1	1	0	0	0	0	0	1	-1	0	0	0	-1	1	1	1	1	0	-1	0	1	0	0	1	-1	0	0	0	0	0	1	1	0	0	1	1	1	1	-1	0	1	0	1	0	0	0	0	0	0	0	0	0	0	-1	0	0	0	1	0	1	0	0	0	-1	1	1	0	1	1	0	1	1	0	0	0	0	1	0	1	1	1	1	1	1	0	0	1	0	1	0	0	0	-1	0	1	-1	1	1	0	0	1	0	0	0	0	0	1	0	1	1	1	0	-1	0	0	0	0	0	-1	1	1	1	1	-1	1	1	0	-1	0	-1	-1	1	0	-1	0	1	1	0	0	1	1	0	1	-1	0	0	0	-1	1	0	1	1	0	1	1	0	0	0	0	1	0	1	0	1	0	0	1	-1	0	0	0	0	0	1	1	1	-1	1	1	1	1	1	0	1	1	1	0	1	0	1	0	0	1	0	1	0	1	0	1	1	0	0	0	1	0	0	0	1	0	1	0	0	0	1	0	1	0	-1	0	1	0	0	1	0	1	1	1	1	0	1	1	1	1	0	1	1	0	0	1	0	1	0	1	0	1	-1	1	1	1	0	0	1	1	0	0	0	1	-1	1	0	0	0	-1	1	1	0	0	1	1	1	1
4	1102392	1	1	1	0	1	-1	0	1	1	-1	-1	-1	-1	-1	-1	1	-1	1	1	1	-1	1	1	-1	1	1	1	1	-1	1	0	1	-1	1	0	1	-1	1	1	0	0	-1	0	1	-1	-1	-1	-1	1	-1	-1	1	-1	-1	-1	-1	0	-1	-1	0	1	1	-1	1	1	-1	-1	0	1	-1	1	0	0	-1	-1	-1	1	1	-1	-1	1	-1	-1	1	0	1	-1	-1	-1	-1	1	-1	-1	-1	0	-1	0	-1	-1	-1	1	-1	1	1	-1	1	-1	1	-1	-1	1	-1	-1	-1	-1	-1	0	0	-1	-1	-1	-1	0	-1	-1	-1	-1	-1	-1	0	0	0	-1	-1	-1	-1	-1	1	-1	-1	-1	-1	1	1	1	-1	0	-1	-1	-1	1	1	1	1	1	1	-1	-1	-1	0	-1	-1	-1	-1	-1	-1	-1	-1	-1	0	-1	-1	-1	-1	-1	-1	-1	-1	-1	-1	-1	-1	-1	-1	-1	-1	-1	-1	-1	-1	-1	-1	-1	-1	-1	-1	-1	-1	-1	-1	-1	-1	-1	-1	-1	-1	-1	-1	-1	-1	-1	-1	1	1	0	0	0	1	0	1	1	1	1	-1	1	-1	1	1	-1	-1	1	1	1	0	-1	1	-1	1	1	1	0	-1	1	1	-1	1	-1	0	1	-1	0	-1	-1	1	-1	1	-1	1	1	1	-1	1	1	1	-1	1	1	0	0	-1	-1	-1	1	1	1	1	1	-1	1	1	1	1	1	-1	-1	1	-1	-1	1	1	-1	0	0	1	1	1	0	1	1	1	-1	-1	-1	1	1	1	0	1	1	1	1	0	1	-1	-1	-1	1	0	-1	1	1	1	1	-1	1	1	-1	0	0	-1	-1	1	1	-1	1	-1	1	1	1	1	1	-1	1	0	1	-1	-1	-1	1	1	1	-1	-1	0	-1	1	1	1	1	-1	-1	1	-1	-1	1	-1	-1	-1	-1	1	-1	-1	1	-1	1	1	-1	-1	1	0	0	0	1	1	1	1	-1	1	1	0	1	-1	-1	1	-1	1	-1	-1	1	1	1	1	1	0	0	1	1	-1	0	-1	0	-1	1	1	-1	-1	-1	-1	1	-1	1	-1	-1	-1	1
5	350933	1	1	1	-1	-1	-1	1	-1	-1	1	1	-1	-1	0	1	1	-1	1	-1	1	1	-1	1	1	1	1	-1	1	1	-1	1	1	-1	1	1	-1	1	0	1	-1	-1	-1	-1	-1	-1	1	-1	-1	1	0	1	1	1	1	1	1	-1	1	-1	-1	1	1	1	1	1	1	-1	1	1	1	1	1	1	-1	-1	1	1	0	0	-1	1	-1	-1	1	-1	1	0	-1	0	-1	1	-1	1	-1	1	1	1	1	1	1	1	0	-1	-1	1	1	-1	0	-1	1	-1	0	0	0	1	-1	1	-1	-1	-1	1	-1	-1	-1	-1	1	0	1	0	1	1	1	-1	1	1	-1	0	1	1	1	0	1	-1	-1	-1	1	1	-1	1	1	0	1	1	-1	1	1	1	1	1	1	1	-1	1	1	0	1	-1	1	0	1	-1	1	1	-1	1	1	1	-1	-1	-1	-1	1	-1	-1	1	1	1	1	0	1	1	1	1	1	1	0	1	1	1	1	1	1	1	1	1	1	-1	1	-1	-1	-1	1	1	1	1	1	1	-1	1	0	1	1	1	-1	1	1	1	1	1	-1	1	0	1	0	1	1	1	-1	0	1	1	1	1	1	1	1	1	1	1	1	1	-1	1	1	1	1	1	1	1	1	1	1	1	1	1	1	-1	1	1	1	-1	1	-1	1	1	1	0	1	1	1	1	1	1	1	1	1	0	1	-1	0	-1	1	1	1	1	0	1	-1	1	1	1	1	1	1	1	1	1	1	-1	1	1	1	0	1	1	0	1	1	1	1	1	1	0	0	0	0	1	1	1	1	1	1	1	1	1	1	0	1	1	-1	1	1	1	1	1	1	0	1	1	1	1	1	1	1	1	1	1	1	1	1	1	1	1	1	1	-1	0	1	1	1	1	1	1	1	1	1	1	1	1	1	1	1	1	1	1	1	1	0	1	0	0	0	0	0	0	0	1	1	1	-1	1	1	1	1	1	1	1	1	1	1	1	1	1	1	1	-1	-1	1	1	1	0	1	1	1	1
5	369740	0	-1	0	1	1	-1	-1	-1	-1	1	1	-1	-1	-1	-1	1	0	0	0	1	-1	1	1	1	1	1	1	1	-1	-1	1	1	-1	0	1	1	0	0	1	1	1	-1	1	-1	-1	-1	-1	-1	1	-1	-1	1	-1	-1	-1	-1	-1	1	-1	-1	0	1	-1	1	1	-1	1	1	1	-1	1	0	-1	0	-1	-1	0	1	-1	-1	0	-1	-1	1	1	0	-1	-1	-1	-1	-1	-1	0	-1	1	-1	0	-1	-1	-1	-1	-1	-1	1	1	1	-1	0	-1	-1	1	-1	-1	-1	-1	-1	1	1	-1	-1	-1	-1	0	-1	-1	-1	-1	-1	-1	-1	1	1	-1	-1	-1	-1	-1	1	-1	-1	-1	-1	-1	1	0	-1	-1	-1	-1	-1	0	1	1	1	1	1	-1	-1	-1	1	-1	-1	-1	-1	-1	-1	-1	-1	-1	1	-1	-1	-1	-1	-1	-1	-1	-1	-1	-1	-1	-1	-1	-1	-1	-1	-1	-1	-1	-1	-1	-1	-1	-1	-1	-1	-1	-1	-1	-1	-1	-1	-1	-1	-1	-1	-1	-1	-1	-1	-1	-1	1	1	1	1	1	0	1	0	1	1	1	-1	1	-1	1	1	-1	-1	1	1	1	1	-1	1	1	-1	1	1	1	-1	-1	0	1	0	0	0	1	-1	1	-1	-1	-1	0	-1	-1	0	0	0	0	0	0	0	0	0	-1	-1	1	-1	-1	1	1	1	1	1	1	1	1	1	1	1	1	-1	-1	1	-1	-1	1	1	-1	1	1	1	1	-1	1	1	1	1	-1	-1	-1	1	1	1	1	1	1	1	1	1	1	1	1	1	-1	0	1	1	1	0	1	-1	1	1	-1	1	1	-1	1	1	1	-1	-1	0	0	0	1	-1	0	1	1	1	1	1	1	-1	1	-1	1	-1	-1	1	1	1	1	1	1	-1	-1	1	-1	-1	1	-1	0	-1	-1	1	-1	-1	1	-1	1	1	1	-1	1	1	1	1	1	1	1	1	1	1	1	1	0	1	1	0	1	0	-1	-1	1	-1	0	0	0	1	1	0	0	-1	1	1	1	1	1	1	1	1	-1	-1	1	-1	1	-1	-1	-1	-1
5	796714	0	-1	0	0	-1	-1	0	1	1	-1	0	1	1	0	-1	1	0	1	1	0	-1	0	1	-1	1	0	1	0	-1	0	0	1	1	1	0	1	1	1	0	1	0	0	0	1	1	-1	0	0	1	-1	-1	1	-1	-1	-1	-1	1	1	-1	0	1	1	-1	1	1	-1	1	0	1	1	1	1	0	0	-1	-1	1	1	-1	-1	-1	0	-1	1	0	-1	-1	-1	-1	0	-1	-1	-1	-1	1	1	0	-1	-1	-1	1	-1	1	1	0	0	0	1	-1	-1	1	-1	-1	-1	-1	-1	0	1	-1	-1	0	1	1	1	-1	-1	-1	-1	-1	1	1	1	-1	-1	-1	-1	-1	0	-1	-1	-1	-1	1	1	1	-1	0	-1	-1	-1	1	0	1	1	0	1	-1	-1	-1	0	-1	-1	-1	-1	-1	-1	-1	-1	-1	0	-1	-1	-1	-1	-1	-1	-1	-1	-1	-1	-1	-1	-1	-1	-1	-1	-1	-1	-1	-1	-1	-1	-1	-1	-1	-1	-1	-1	-1	-1	-1	-1	-1	-1	-1	-1	-1	-1	-1	-1	-1	-1	0	1	1	1	1	0	0	-1	0	1	1	-1	0	-1	1	1	1	1	1	-1	1	1	-1	1	1	-1	0	-1	1	-1	0	0	-1	0	0	1	1	-1	1	0	0	0	1	0	-1	0	0	0	0	0	0	0	0	0	0	1	1	1	-1	0	1	0	0	1	1	0	1	1	0	1	0	0	0	0	-1	0	1	1	-1	0	0	0	1	1	0	1	0	0	-1	0	-1	1	1	0	0	1	0	0	0	1	0	-1	-1	-1	-1	1	1	1	0	0	1	-1	1	1	-1	1	1	1	-1	0	0	-1	0	0	1	1	1	0	1	1	1	0	1	0	1	-1	1	-1	0	-1	-1	0	1	0	0	1	0	0	0	0	-1	-1	1	-1	1	-1	1	-1	-1	-1	1	-1	1	-1	-1	-1	1	0	0	0	1	0	1	1	1	1	0	1	1	1	1	1	1	1	1	-1	1	-1	0	0	0	0	0	0	0	-1	0	0	0	0	1	0	0	-1	-1	-1	1	0	0	0	-1	-1	0
5	1204155	0	-1	0	0	-1	-1	-1	1	1	1	-1	0	-1	-1	1	1	-1	1	1	0	-1	-1	0	-1	1	0	0	0	0	1	1	-1	1	1	1	1	1	0	0	1	-1	1	1	1	1	0	-1	1	1	1	0	1	0	-1	0	1	0	1	-1	-1	1	1	-1	1	0	0	-1	-1	0	1	-1	1	0	-1	-1	0	1	1	1	-1	-1	-1	0	1	0	1	0	-1	1	0	0	1	1	0	1	-1	-1	1	0	0	1	1	-1	1	-1	1	1	-1	0	0	1	0	0	0	0	-1	1	1	-1	-1	-1	-1	1	0	1	0	0	1	1	0	1	1	1	0	1	-1	1	1	0	0	-1	0	-1	0	1	-1	-1	0	1	0	-1	1	0	-1	0	1	1	0	1	1	-1	1	1	0	1	-1	0	0	1	0	0	1	1	1	1	0	-1	1	0	0	1	1	-1	1	1	1	1	1	0	1	0	0	0	1	1	0	1	1	0	0	0	1	1	-1	1	1	1	0	-1	-1	-1	1	0	1	1	1	1	1	0	-1	1	0	1	-1	1	1	1	1	1	1	0	1	1	1	1	1	1	1	1	0	0	1	1	0	-1	0	-1	1	1	-1	0	-1	0	0	-1	0	0	0	0	0	0	0	0	0	0	0	-1	1	1	1	1	0	1	-1	1	1	1	0	0	1	0	-1	1	1	1	0	-1	1	0	1	-1	1	0	0	1	1	1	-1	1	1	1	1	0	1	1	0	1	1	1	0	0	1	0	-1	-1	0	1	1	1	1	1	1	0	0	0	0	0	1	1	1	1	1	1	0	0	0	1	1	1	0	1	0	0	1	1	0	1	1	1	-1	1	1	-1	1	1	1	0	1	0	0	-1	0	-1	-1	-1	0	0	1	1	1	-1	0	-1	0	1	-1	1	-1	1	1	1	1	1	1	0	1	0	1	0	0	1	-1	0	1	0	1	1	1	1	0	0	0	0	0	0	0	0	0	0	0	-1	0	1	0	0	0	0	0	1	0	1	1	1	1	1
6	900278	1	1	1	-1	-1	-1	-1	1	1	1	1	-1	-1	1	1	1	1	1	1	-1	-1	1	1	1	1	1	1	1	1	1	1	1	-1	1	1	1	1	1	1	1	1	-1	-1	1	-1	-1	-1	1	-1	-1	1	1	1	1	1	1	1	1	-1	-1	1	1	1	1	1	1	-1	1	1	1	1	1	1	1	1	1	1	1	1	1	1	1	-1	1	1	1	1	1	-1	1	1	1	1	-1	1	1	1	1	1	1	1	1	-1	1	1	1	1	-1	-1	1	1	1	1	1	1	1	1	1	-1	1	1	-1	0	-1	-1	1	1	1	1	-1	1	1	-1	1	1	1	1	1	1	1	0	1	1	1	-1	1	1	1	1	1	1	1	1	-1	-1	-1	1	1	1	1	-1	1	1	1	1	-1	-1	1	1	1	1	1	1	1	-1	-1	1	-1	1	1	1	1	1	1	1	1	-1	1	1	1	1	1	1	1	1	-1	0	1	1	1	1	1	1	1	1	1	1	1	1	-1	1	1	1	1	1	1	1	1	1	1	1	1	1	-1	1	1	1	1	1	1	1	0	1	1	-1	1	1	1	1	1	1	1	1	1	1	1	1	1	1	1	1	-1	1	1	-1	1	1	1	1	1	1	1	1	1	1	1	-1	1	1	1	1	1	1	1	1	1	1	1	1	1	1	1	1	1	1	1	1	1	1	1	1	1	1	1	1	1	1	-1	1	1	1	1	1	1	1	1	1	1	1	1	1	1	1	1	-1	1	1	0	0	1	1	1	1	1	1	1	1	1	1	1	1	1	1	1	1	1	1	0	1	-1	1	1	1	1	1	-1	1	-1	1	1	1	1	1	1	1	1	1	1	1	1	1	1	1	1	1	1	1	1	1	1	1	1	1	-1	1	1	1	1	1	1	1	1	1	1	1	1	1	1	1	1	1	1	1	1	1	1	1	1	1	-1	1	1	1	1	1	1	1	1	1	1	1	1	1	1	1	1	1	1	1	1	1	1	1	-1	1
6	1282691	0	0	0	-1	0	0	-1	0	1	1	-1	0	0	0	0	0	-1	0	1	0	0	0	0	1	0	1	1	1	-1	1	1	0	0	1	1	-1	-1	-1	0	-1	1	1	-1	0	-1	1	-1	0	1	0	0	0	0	-1	0	0	0	0	0	1	1	0	1	0	1	0	-1	1	0	0	-1	0	-1	-1	0	-1	1	1	1	-1	0	0	1	0	0	0	-1	0	0	-1	0	1	0	-1	0	0	1	1	-1	-1	-1	0	0	0	-1	1	0	-1	-1	0	0	1	1	-1	0	-1	-1	0	0	0	-1	0	1	-1	-1	0	0	1	0	-1	0	0	0	-1	0	-1	1	0	0	0	0	-1	0	0	0	0	1	1	1	-1	-1	0	0	0	0	1	-1	0	0	1	0	0	0	0	0	-1	0	0	0	0	-1	0	-1	0	1	0	0	1	0	1	0	0	-1	1	1	-1	0	0	0	0	0	0	0	0	0	0	0	1	1	1	1	1	1	0	0	-1	0	1	0	0	1	0	0	1	0	0	0	0	0	-1	0	1	0	-1	0	1	0	0	0	0	1	1	1	1	1	0	1	1	0	0	1	1	0	0	0	1	1	0	0	0	0	0	0	0	-1	0	0	0	0	0	0	0	0	0	0	0	-1	1	0	1	0	1	0	0	0	0	0	-1	0	0	1	1	1	-1	1	1	-1	0	1	1	1	1	1	1	0	1	0	-1	0	0	0	0	1	1	0	0	1	0	0	0	0	0	0	0	1	1	1	1	1	0	0	-1	0	0	0	0	1	0	0	0	0	0	0	0	0	0	1	0	1	0	1	1	0	1	1	1	0	1	0	-1	0	0	1	0	1	1	1	1	1	1	1	1	-1	-1	0	0	0	1	0	0	-1	0	-1	0	0	0	0	0	0	1	1	1	0	0	0	0	0	1	1	0	0	-1	0	0	0	0	1	0	0	-1	0	0	0	1	1	0	0	1	1	1	1	1	0	1	1	0	-1	-1	0	1	0	0	0	0	0
6	1289212	0	-1	0	0	-1	-1	-1	0	-1	-1	-1	-1	-1	-1	0	1	1	1	0	1	-1	-1	-1	1	1	0	1	0	-1	1	1	1	-1	0	-1	-1	-1	1	0	1	-1	-1	-1	1	-1	0	-1	1	1	-1	0	1	0	-1	0	-1	1	1	-1	1	1	1	-1	1	0	-1	0	0	0	-1	-1	0	1	1	0	-1	0	0	0	-1	-1	-1	-1	1	0	0	-1	-1	-1	-1	-1	-1	-1	0	1	1	-1	0	-1	-1	-1	1	-1	1	-1	0	-1	-1	-1	-1	-1	0	0	1	-1	-1	0	1	1	-1	-1	-1	1	-1	-1	-1	1	1	-1	-1	-1	1	-1	-1	1	-1	-1	0	0	0	-1	-1	1	1	1	1	0	-1	1	-1	-1	1	-1	-1	1	0	1	-1	-1	1	-1	1	1	1	1	-1	1	0	0	0	-1	1	-1	-1	1	-1	1	-1	-1	0	1	1	-1	-1	1	0	-1	1	-1	-1	-1	1	1	1	0	1	1	-1	1	1	1	-1	-1	1	1	-1	1	-1	1	1	-1	0	0	1	0	0	0	0	0	1	1	0	0	0	1	0	1	1	1	1	0	1	1	1	1	0	0	0	1	-1	0	-1	1	0	1	0	-1	0	1	1	0	-1	0	0	-1	0	0	0	0	0	0	0	0	0	0	0	-1	1	0	1	0	0	1	1	1	1	0	-1	0	1	0	-1	0	1	1	0	-1	0	0	0	0	1	1	1	1	0	1	-1	1	1	1	1	0	0	1	1	1	1	1	1	-1	1	1	1	0	0	-1	1	1	1	1	1	1	1	1	1	0	1	1	1	1	0	0	0	0	1	0	1	1	1	1	1	1	0	0	0	1	-1	-1	-1	1	1	0	1	1	0	0	0	0	1	-1	1	-1	1	1	-1	0	1	1	-1	-1	1	1	-1	1	-1	1	1	1	1	1	1	1	1	1	1	1	1	1	1	1	-1	1	1	1	1	-1	1	1	-1	1	1	1	1	1	1	1	0	1	-1	1	-1	1	0	-1	1	-1	-1	1	1	1	0	0	0	0
7	461139	0	0	0	-1	-1	-1	-1	1	1	-1	1	0	-1	-1	-1	0	-1	-1	0	1	-1	-1	-1	-1	-1	0	0	-1	-1	0	1	1	-1	1	1	-1	-1	-1	1	-1	1	-1	1	0	-1	-1	1	-1	1	1	-1	0	-1	-1	-1	-1	1	0	-1	1	-1	-1	-1	0	-1	-1	-1	-1	1	-1	0	-1	-1	-1	-1	-1	0	0	-1	-1	0	0	-1	0	1	-1	-1	-1	-1	-1	-1	-1	-1	-1	-1	-1	1	-1	-1	-1	1	-1	-1	-1	-1	1	-1	-1	-1	-1	0	-1	-1	-1	-1	-1	1	1	-1	-1	-1	0	0	-1	-1	-1	-1	-1	-1	1	0	0	-1	-1	-1	-1	-1	1	-1	-1	-1	-1	-1	-1	1	0	-1	-1	-1	-1	-1	-1	-1	-1	-1	1	-1	-1	-1	1	-1	-1	-1	-1	-1	-1	-1	-1	-1	-1	0	-1	-1	-1	-1	-1	-1	-1	-1	-1	-1	-1	-1	-1	-1	-1	-1	-1	-1	-1	-1	-1	-1	-1	-1	-1	-1	-1	-1	-1	-1	-1	-1	-1	-1	-1	-1	-1	-1	-1	-1	-1	1	1	1	1	1	-1	1	-1	0	1	1	-1	0	0	1	1	-1	-1	1	1	0	0	-1	1	-1	0	1	0	1	-1	1	0	0	1	1	0	0	0	0	-1	0	-1	-1	-1	-1	0	0	0	0	0	0	0	0	0	-1	1	1	1	1	1	0	0	0	-1	0	-1	0	0	1	1	0	0	0	1	-1	1	0	0	-1	0	1	0	0	-1	-1	-1	0	0	0	0	-1	0	0	0	1	0	0	1	1	0	0	-1	1	0	1	0	0	1	1	1	1	-1	1	1	-1	0	0	-1	0	1	1	-1	-1	-1	-1	1	0	0	0	1	0	1	1	1	0	-1	0	-1	0	-1	1	0	1	1	1	0	0	1	-1	0	1	1	1	-1	-1	-1	-1	0	-1	-1	1	1	1	1	-1	-1	0	0	0	0	-1	1	1	1	0	1	0	0	0	0	0	0	0	0	0	1	0	-1	0	-1	0	0	0	0	0	1	0	-1	0	1	1	1	-1	1	-1	-1	1	-1	0	-1	-1	-1	1
7	619957	0	-1	0	1	0	0	1	0	1	-1	0	0	-1	-1	-1	1	1	1	1	1	-1	-1	1	-1	1	0	0	0	-1	1	0	1	1	1	0	-1	0	1	-1	1	1	-1	0	1	1	-1	0	1	1	-1	-1	1	-1	-1	-1	-1	-1	0	-1	0	0	0	-1	0	0	-1	1	1	1	0	0	0	1	1	-1	-1	0	0	-1	-1	-1	-1	-1	0	1	-1	-1	-1	-1	1	-1	-1	-1	-1	0	0	0	-1	-1	-1	-1	-1	0	0	1	1	1	0	-1	-1	0	-1	-1	-1	-1	-1	1	0	-1	-1	1	0	1	-1	-1	-1	-1	-1	-1	1	0	0	-1	-1	-1	-1	-1	0	-1	-1	-1	-1	0	0	1	1	1	-1	-1	-1	1	1	1	0	1	1	-1	-1	-1	0	-1	-1	-1	-1	-1	-1	-1	-1	-1	-1	1	-1	-1	-1	-1	-1	-1	-1	-1	-1	-1	-1	-1	-1	-1	-1	-1	-1	-1	-1	-1	-1	-1	-1	-1	-1	-1	-1	-1	-1	-1	-1	-1	-1	-1	-1	-1	-1	-1	-1	-1	-1	-1	1	0	0	0	0	1	1	1	0	0	-1	1	-1	1	1	1	-1	0	1	-1	1	-1	0	1	1	0	1	-1	-1	1	0	-1	1	1	0	1	1	0	0	0	0	-1	-1	-1	0	0	0	0	0	0	0	0	0	-1	-1	0	1	-1	0	0	1	1	0	1	0	0	0	0	0	1	1	1	1	-1	0	0	0	-1	1	0	1	0	1	1	-1	1	1	1	1	-1	1	0	1	0	1	-1	1	-1	0	0	-1	0	1	1	1	1	0	1	1	0	-1	0	0	-1	0	0	-1	0	0	0	-1	0	-1	1	1	0	-1	0	0	0	1	0	0	0	0	1	-1	1	0	-1	1	1	1	0	0	0	0	-1	1	0	-1	0	-1	1	1	0	1	-1	-1	1	1	0	-1	-1	1	0	0	0	0	0	1	1	1	1	1	1	1	1	1	1	1	1	1	1	-1	0	-1	1	1	1	1	1	1	1	-1	1	-1	1	0	1	0	-1	1	-1	-1	1	0	0	-1	0	-1	0
7	635985	0	0	0	0	-1	1	-1	1	1	0	-1	-1	-1	1	0	0	1	0	0	1	1	-1	0	1	1	1	-1	1	-1	0	1	0	-1	0	0	-1	0	1	0	1	1	0	1	0	0	1	1	-1	1	-1	0	0	0	0	0	1	-1	1	-1	1	0	1	-1	0	-1	0	0	0	1	0	0	0	1	1	1	1	-1	-1	1	1	0	1	1	1	1	0	0	0	1	0	0	-1	0	1	0	-1	1	0	1	1	-1	0	1	1	0	0	0	-1	-1	-1	0	0	0	0	1	0	-1	-1	0	0	1	0	0	1	1	1	1	1	0	-1	1	1	0	1	1	1	0	1	1	1	1	1	-1	0	0	0	1	1	0	-1	0	0	0	0	0	1	1	1	-1	1	1	0	1	0	0	1	1	1	1	-1	0	1	1	-1	0	1	1	-1	0	1	0	0	0	1	1	1	1	1	-1	1	0	0	0	0	1	0	0	1	1	1	1	1	1	1	0	1	0	1	1	0	1	1	0	1	0	0	0	0	1	1	1	1	0	1	0	1	1	1	1	1	1	1	-1	0	1	0	1	0	1	0	1	1	0	0	-1	0	0	0	0	0	0	-1	0	0	1	-1	0	0	0	0	0	0	0	0	0	0	0	1	1	1	1	1	1	-1	0	1	1	-1	0	0	1	0	1	-1	0	0	-1	1	1	0	-1	0	1	1	1	0	1	1	0	0	0	0	1	1	0	0	1	1	0	0	0	0	1	1	1	0	0	0	0	1	0	0	1	1	1	1	1	1	1	1	-1	1	1	1	1	1	0	0	0	0	1	1	1	0	0	1	1	1	0	1	0	0	-1	1	1	0	1	1	1	1	1	0	0	-1	1	1	-1	1	1	0	1	0	1	1	1	1	1	1	1	1	1	1	1	1	0	0	0	1	0	-1	0	0	0	0	0	0	1	1	0	0	0	0	0	1	1	0	0	1	1	1	1	1	0	1	1	0	1	-1	0	1	1	1	1	1	1
7	704373	1	1	1	-1	-1	-1	-1	1	-1	1	-1	0	-1	-1	0	-1	-1	1	1	1	-1	-1	-1	-1	1	1	1	1	1	-1	1	-1	1	1	0	-1	-1	1	1	1	-1	-1	1	1	-1	-1	-1	-1	1	1	1	1	1	1	1	1	1	1	-1	-1	1	-1	-1	1	-1	0	1	1	1	1	-1	1	1	1	-1	1	1	1	1	1	1	-1	-1	0	1	-1	0	-1	-1	-1	-1	-1	-1	-1	1	-1	-1	0	0	-1	1	0	-1	-1	-1	-1	-1	-1	-1	1	0	0	0	0	1	1	1	1	-1	-1	0	-1	0	-1	-1	-1	1	0	1	-1	1	1	-1	-1	1	-1	1	0	1	1	-1	1	1	0	0	-1	1	1	1	0	-1	1	-1	-1	1	-1	1	0	-1	1	-1	0	-1	0	0	1	-1	1	1	-1	1	-1	-1	1	-1	-1	0	-1	-1	1	1	1	-1	1	1	1	1	1	-1	-1	-1	1	-1	1	-1	-1	0	1	1	1	1	1	-1	0	1	1	1	1	1	-1	-1	0	1	1	0	0	0	1	1	1	1	1	1	-1	1	1	1	1	1	-1	1	0	1	0	-1	1	1	0	0	-1	1	1	1	1	-1	0	-1	1	1	-1	0	-1	1	1	-1	1	1	1	1	1	1	1	1	1	1	1	-1	1	1	1	1	1	1	0	1	0	1	-1	-1	1	1	-1	0	1	-1	0	0	1	1	1	-1	0	1	1	0	1	1	-1	0	0	0	0	1	0	1	1	1	0	0	1	1	1	0	1	-1	-1	1	0	1	0	1	1	1	1	1	1	1	1	1	1	1	0	0	1	1	1	1	0	1	-1	0	0	0	1	1	1	1	1	1	1	1	0	1	1	1	1	1	1	0	1	1	1	1	-1	0	-1	1	1	1	-1	1	1	1	1	-1	1	-1	1	1	1	1	1	1	-1	0	0	1	1	0	0	1	0	0	1	0	1	0	-1	1	-1	1	1	1	1	1	1	1	-1	1	1	1	1	0	1	1	1	1	-1	0	1	1	0	0	-1	0
7	1044052	1	1	0	0	-1	1	-1	0	1	0	1	-1	-1	0	1	1	-1	0	0	0	1	-1	1	1	1	0	0	0	-1	0	0	1	1	1	0	-1	0	-1	1	0	0	-1	-1	1	1	1	0	1	1	-1	0	1	0	-1	0	1	0	0	0	0	0	1	-1	1	1	1	1	0	0	1	1	1	-1	-1	1	0	-1	1	1	1	1	-1	1	1	0	1	-1	0	1	1	-1	0	1	-1	1	-1	0	1	-1	1	1	1	-1	0	1	1	-1	1	0	0	1	0	0	0	0	1	1	1	1	1	1	1	1	0	1	0	0	1	1	-1	0	0	-1	-1	-1	1	0	0	1	1	0	1	1	1	0	-1	-1	1	0	-1	1	1	-1	1	1	1	1	0	1	0	-1	-1	1	-1	1	0	-1	0	1	-1	-1	1	1	0	0	0	0	0	-1	-1	1	1	0	0	0	-1	1	1	-1	1	0	0	0	-1	0	0	0	1	1	1	1	0	0	1	1	-1	1	-1	1	1	1	0	1	0	1	1	1	1	0	-1	1	1	1	-1	1	1	1	1	1	1	1	0	0	0	0	1	1	1	0	1	1	1	1	0	1	1	-1	1	1	1	1	-1	0	0	1	0	0	0	0	0	0	0	0	0	0	0	1	0	1	0	1	1	0	0	1	1	1	1	1	1	1	1	0	-1	0	0	0	-1	1	1	1	0	0	0	1	0	1	1	0	0	0	0	1	0	1	1	0	1	1	1	1	1	1	1	-1	0	0	1	0	0	1	1	0	0	0	0	1	0	0	0	0	0	0	1	1	-1	0	0	1	1	1	-1	0	1	1	1	1	0	-1	0	1	1	-1	1	-1	0	1	0	0	0	-1	1	-1	1	0	-1	1	1	1	0	1	1	1	0	0	0	1	-1	1	0	0	0	1	0	0	1	0	1	0	0	1	0	0	1	0	1	1	1	1	0	1	1	1	1	1	1	1	1	1	1	1	0	1	1	1	0	1	0	1	1	0	0	0	0	0
7	1066698	0	0	0	0	1	0	-1	1	1	1	0	-1	-1	-1	0	-1	0	0	0	0	1	-1	1	-1	0	0	0	0	-1	1	0	0	1	0	0	0	0	1	0	0	0	-1	0	1	1	-1	0	0	0	0	0	1	0	-1	0	0	0	0	-1	0	0	0	0	1	0	0	-1	0	0	0	-1	0	0	0	0	-1	-1	1	1	-1	0	-1	0	0	-1	0	1	-1	0	0	0	0	0	1	1	1	0	0	0	0	1	0	-1	0	0	0	0	0	-1	1	-1	1	1	1	1	1	0	0	0	-1	-1	-1	0	0	0	0	0	0	-1	0	0	0	0	0	0	0	1	0	1	1	-1	0	0	0	1	0	1	1	0	-1	-1	1	1	1	0	-1	0	0	0	0	0	0	0	0	-1	0	0	0	0	0	0	1	1	1	0	0	0	0	0	-1	0	1	-1	-1	0	0	0	0	0	0	1	1	-1	0	0	0	0	0	1	1	1	0	0	0	0	0	1	0	-1	1	-1	0	0	0	0	0	0	0	0	0	0	0	0	0	-1	1	1	1	1	0	0	0	0	1	0	0	1	1	0	0	0	-1	0	0	0	0	-1	0	0	-1	0	0	0	0	0	0	0	0	0	0	0	0	0	0	0	0	-1	0	0	0	0	0	0	1	0	0	0	0	0	1	0	-1	0	0	-1	0	1	0	0	1	1	1	0	0	0	0	0	-1	0	0	0	0	0	0	0	0	0	0	0	0	-1	0	0	0	0	1	0	0	0	0	0	0	0	0	0	0	0	0	0	0	0	0	0	1	1	1	0	0	0	1	1	1	0	0	0	0	1	0	0	0	1	0	0	0	0	0	0	1	1	0	-1	0	0	0	0	0	0	0	0	1	-1	0	0	0	0	0	0	0	0	0	0	0	0	0	1	0	1	0	0	-1	0	1	0	0	0	-1	0	0	0	0	0	0	0	1	1	0	0	-1	1	1	1	0	0	0	-1	0	0	0	0	0	0	0	0	0	0
7	1213486	1	1	1	1	1	1	-1	-1	-1	-1	1	-1	1	1	1	1	-1	1	1	0	1	-1	1	-1	1	0	1	-1	1	1	-1	1	-1	1	1	-1	-1	-1	1	-1	1	-1	1	1	1	1	-1	1	-1	-1	1	1	1	1	1	1	-1	1	1	1	1	-1	1	1	1	1	1	1	-1	1	-1	1	1	1	-1	1	1	1	1	1	-1	1	1	1	1	-1	1	0	1	-1	-1	0	-1	-1	1	1	1	1	1	1	-1	1	-1	1	1	1	1	1	1	1	1	1	1	1	1	-1	1	1	1	0	-1	-1	0	-1	1	1	1	1	1	-1	1	1	1	1	1	1	1	1	1	1	1	1	-1	1	1	1	1	1	1	1	-1	1	1	1	1	1	1	1	1	1	1	1	1	1	-1	1	1	1	1	1	1	1	1	1	1	1	-1	0	1	1	1	1	1	1	0	1	1	1	1	1	1	1	1	1	1	1	1	1	1	1	1	1	1	1	0	1	1	1	1	1	1	1	1	1	1	1	1	1	1	1	1	1	1	-1	1	1	1	1	1	1	1	1	1	0	-1	1	1	1	1	1	1	1	1	1	-1	1	1	1	1	1	1	1	1	1	-1	1	1	1	1	1	1	1	1	1	1	1	-1	1	1	1	1	1	1	1	1	1	1	1	1	1	1	-1	1	1	1	1	1	1	1	1	1	1	1	1	1	1	1	-1	1	1	1	1	1	1	1	1	1	1	1	1	1	1	1	1	1	1	1	0	1	1	1	1	1	1	1	1	1	1	1	1	1	1	1	1	1	1	1	1	1	1	1	1	1	1	1	1	1	1	1	1	1	0	1	1	1	1	1	1	1	1	1	1	1	1	1	1	1	-1	1	-1	1	1	1	1	1	1	1	1	1	0	0	0	1	1	1	1	1	1	1	1	1	1	1	1	1	1	1	1	1	1	1	1	1	1	1	1	1	1	1	1	1	1	1	1	1	1	1	1	1	1	1	1	1	1	1
7	1256331	0	-1	0	1	0	1	0	-1	-1	-1	-1	-1	-1	0	-1	0	-1	0	0	0	-1	-1	0	1	0	0	-1	0	-1	0	0	0	1	1	0	1	-1	-1	0	1	0	-1	-1	0	-1	-1	0	0	1	1	-1	0	-1	-1	-1	-1	0	0	-1	-1	0	0	-1	0	0	-1	1	1	1	0	0	0	0	0	-1	-1	1	1	-1	-1	-1	0	-1	0	-1	1	-1	-1	-1	-1	0	-1	-1	-1	0	0	-1	-1	-1	-1	1	-1	0	1	0	0	-1	0	-1	-1	0	-1	-1	-1	-1	0	0	0	-1	-1	-1	-1	0	-1	-1	-1	-1	-1	-1	-1	1	1	-1	-1	-1	-1	-1	1	-1	-1	-1	-1	1	1	1	1	0	-1	-1	-1	0	0	0	-1	1	1	-1	-1	-1	0	-1	-1	-1	-1	-1	-1	-1	-1	-1	0	0	-1	-1	-1	-1	-1	-1	-1	-1	-1	-1	-1	-1	-1	-1	-1	-1	-1	-1	-1	-1	-1	-1	-1	-1	-1	-1	-1	-1	-1	-1	-1	-1	-1	-1	-1	-1	-1	-1	-1	-1	-1	0	1	0	0	0	0	0	1	1	0	0	-1	0	0	0	0	-1	-1	0	0	0	0	-1	0	-1	1	0	-1	0	-1	0	0	0	0	0	0	0	1	0	0	-1	0	-1	0	0	0	0	0	0	0	0	0	0	0	-1	0	0	-1	0	1	0	0	0	0	0	-1	0	0	1	0	0	0	0	0	-1	-1	-1	1	-1	1	0	0	0	0	0	0	0	0	0	-1	-1	0	0	1	0	0	0	1	1	0	0	0	1	0	-1	0	-1	1	0	0	0	-1	0	0	-1	1	1	-1	1	1	1	-1	-1	-1	0	0	0	0	0	0	1	0	0	-1	0	-1	0	0	0	0	-1	0	0	0	1	1	0	-1	-1	1	0	1	1	-1	1	0	-1	0	-1	-1	0	-1	1	0	0	-1	0	0	0	0	-1	1	1	0	-1	0	0	-1	1	1	0	1	0	-1	0	-1	0	-1	0	0	0	0	0	0	0	-1	0	-1	0	0	0	1	-1	1	-1	1	0	-1	1	-1	-1	-1	-1
7	1358910	1	1	0	1	-1	-1	1	0	1	-1	-1	-1	-1	-1	1	1	-1	1	1	0	1	-1	-1	-1	1	0	1	0	-1	-1	1	-1	-1	1	1	0	-1	-1	0	1	1	-1	1	1	0	-1	-1	1	1	1	0	1	0	0	0	0	1	1	1	1	1	1	-1	1	1	1	-1	1	1	1	1	1	0	0	0	-1	0	0	0	1	1	-1	1	1	-1	1	-1	-1	1	-1	1	-1	1	1	1	1	1	0	1	1	1	1	-1	1	-1	1	1	0	1	-1	1	1	1	1	1	-1	1	1	1	-1	-1	-1	1	-1	0	1	1	0	-1	1	0	0	0	-1	0	0	-1	1	1	1	-1	1	-1	0	1	0	1	1	1	1	0	1	1	-1	0	-1	0	1	0	1	1	1	1	0	1	0	0	0	1	1	-1	-1	1	1	1	-1	-1	0	1	1	1	1	-1	1	1	0	1	1	-1	1	0	0	-1	1	1	0	0	1	1	1	1	1	0	1	0	1	1	1	1	-1	1	1	0	1	1	1	1	1	0	-1	0	1	1	-1	1	-1	1	1	1	1	1	1	1	1	-1	1	1	-1	0	1	1	1	1	0	1	1	-1	1	1	0	1	-1	0	0	-1	0	0	0	0	0	0	0	0	0	0	0	-1	0	0	0	1	1	1	1	1	1	1	1	1	1	1	1	0	0	0	1	0	1	0	0	0	0	1	0	1	1	1	0	1	1	1	1	1	1	1	0	1	0	1	0	1	1	0	0	1	1	-1	1	1	0	1	1	1	1	1	1	1	0	0	0	-1	1	1	1	1	1	1	0	1	-1	1	1	1	1	0	1	1	1	1	-1	1	0	1	0	-1	0	1	1	1	1	1	0	0	-1	0	1	1	-1	1	1	0	-1	1	0	0	1	-1	1	1	1	1	1	1	1	1	1	0	0	1	-1	0	0	1	0	1	-1	1	1	1	1	0	0	0	1	1	0	0	1	1	1	1	1	1	1	1	1	-1	1	1	1	1	1	1	1	1
7	1359218	1	1	1	-1	-1	-1	-1	-1	-1	-1	-1	-1	-1	-1	-1	-1	-1	-1	-1	-1	-1	-1	-1	-1	-1	-1	-1	-1	-1	-1	-1	-1	-1	-1	-1	-1	-1	-1	-1	-1	-1	-1	-1	-1	-1	-1	-1	-1	-1	-1	-1	-1	-1	-1	-1	-1	-1	-1	-1	-1	-1	-1	-1	-1	-1	-1	-1	-1	-1	-1	-1	-1	-1	-1	-1	-1	-1	-1	-1	-1	-1	-1	-1	-1	-1	-1	-1	-1	-1	-1	-1	-1	-1	-1	-1	-1	-1	-1	-1	-1	-1	-1	-1	-1	-1	-1	-1	-1	-1	-1	-1	-1	-1	-1	-1	-1	-1	-1	-1	-1	-1	-1	-1	-1	-1	-1	-1	-1	-1	-1	-1	-1	-1	-1	-1	-1	-1	-1	-1	-1	-1	-1	-1	-1	-1	-1	-1	-1	-1	-1	-1	-1	-1	-1	-1	-1	-1	-1	-1	-1	-1	-1	-1	-1	-1	-1	-1	-1	-1	-1	-1	-1	-1	-1	-1	-1	-1	-1	-1	-1	-1	-1	-1	-1	-1	-1	-1	-1	-1	-1	-1	-1	-1	-1	-1	-1	-1	-1	-1	-1	-1	-1	-1	-1	-1	-1	-1	-1	-1	-1	-1	-1	-1	1	1	1	1	-1	1	-1	-1	1	1	-1	0	1	0	0	-1	-1	1	0	0	-1	-1	1	-1	1	1	-1	1	-1	-1	1	-1	1	-1	0	0	-1	1	-1	1	1	-1	1	-1	1	1	1	-1	1	1	1	-1	1	-1	1	1	-1	-1	1	-1	1	-1	-1	1	1	-1	0	1	-1	0	-1	-1	1	-1	-1	1	1	-1	1	-1	1	0	-1	-1	-1	0	0	-1	-1	-1	0	0	0	0	-1	0	1	1	0	0	-1	-1	-1	-1	-1	-1	1	1	1	1	-1	1	1	-1	-1	1	-1	-1	0	0	-1	1	-1	-1	1	0	-1	1	0	1	1	1	-1	-1	-1	0	-1	-1	0	-1	-1	-1	-1	1	0	0	-1	-1	0	-1	-1	1	-1	-1	-1	-1	0	-1	-1	-1	-1	-1	-1	1	-1	1	1	1	1	-1	-1	1	0	-1	1	-1	-1	1	1	-1	1	-1	1	-1	-1	0	-1	1	-1	1	0	-1	1	1	-1	1	-1	-1	-1	0	1	-1	-1	-1	-1	0	-1	0	-1	-1	-1	-1
8	150033	1	1	1	1	0	1	-1	1	1	1	0	-1	1	1	1	1	-1	1	0	1	1	-1	1	1	1	1	1	1	1	0	1	0	1	1	1	-1	0	1	0	-1	1	-1	1	1	1	1	1	1	1	-1	1	1	1	1	1	0	-1	1	0	1	0	1	1	0	-1	-1	1	0	1	0	0	1	-1	1	1	1	1	1	1	1	1	1	1	1	0	1	-1	1	1	1	1	-1	1	1	0	0	1	0	0	0	1	1	1	0	1	1	-1	1	1	-1	0	1	0	-1	1	0	1	1	1	1	-1	-1	1	0	0	1	1	1	1	1	1	1	-1	1	1	-1	1	0	1	1	-1	0	0	0	1	-1	1	1	0	1	1	1	1	0	1	1	1	1	-1	1	-1	1	0	1	1	1	1	1	1	0	1	1	0	1	0	1	1	-1	-1	1	0	0	1	1	1	0	1	1	-1	0	1	1	1	0	0	-1	1	0	1	1	-1	1	1	0	1	0	0	1	1	0	1	0	0	0	1	1	1	-1	1	-1	1	0	0	-1	1	1	1	1	1	0	0	0	1	1	1	0	1	1	1	1	0	1	1	1	0	1	1	1	1	-1	0	1	1	1	1	1	1	1	1	1	1	1	1	1	1	1	1	1	0	1	1	1	1	-1	1	1	1	0	1	0	1	0	1	-1	1	1	-1	-1	1	1	1	1	1	1	1	0	1	1	0	0	0	0	1	1	0	1	1	1	1	1	1	0	0	1	1	1	1	1	1	1	1	0	1	1	1	1	1	1	1	1	1	0	0	1	1	1	-1	1	0	1	1	0	1	0	1	1	0	1	1	1	1	1	1	0	1	1	1	1	1	1	1	1	1	1	1	0	0	1	1	-1	0	1	0	-1	1	-1	-1	-1	0	1	1	1	0	0	1	1	1	0	1	-1	1	-1	0	1	0	1	-1	0	0	-1	1	1	1	1	1	1	1	1	1	1	1	1	1	1	1	0	0	-1	1	1	1	0	0	0	0
8	339406	0	-1	1	1	1	0	-1	1	1	1	0	-1	1	-1	1	0	-1	1	1	1	1	0	1	1	1	0	1	0	1	1	1	1	1	1	1	0	0	1	0	1	1	1	1	1	0	0	1	1	0	0	1	1	1	1	1	1	0	1	1	1	1	1	1	1	1	0	-1	1	1	1	-1	1	-1	-1	0	1	1	1	1	0	0	0	1	0	1	0	0	1	0	-1	0	-1	0	1	1	1	1	0	0	0	0	1	-1	-1	1	1	1	1	-1	1	-1	0	0	0	0	1	1	1	1	1	1	1	1	1	1	-1	0	1	1	0	1	1	-1	1	1	1	-1	1	0	0	1	1	1	1	1	-1	1	1	1	1	-1	1	1	1	0	0	1	1	1	1	1	1	1	1	1	1	0	1	0	1	1	0	0	-1	-1	0	-1	1	-1	-1	1	1	0	1	1	1	1	1	1	1	1	1	-1	1	1	0	1	1	1	1	1	1	1	-1	1	1	1	1	1	1	-1	1	0	1	1	1	1	-1	1	-1	0	1	1	1	1	1	1	1	1	1	1	0	1	1	1	1	1	1	1	0	1	1	1	1	1	0	-1	1	0	-1	1	1	1	1	0	1	1	1	1	1	1	1	1	1	1	1	1	1	1	1	1	1	0	1	1	1	0	1	-1	1	1	-1	1	1	1	0	0	1	1	1	1	0	1	1	0	1	1	1	0	0	0	0	1	0	1	0	1	0	1	1	-1	1	0	1	1	0	1	1	0	0	1	1	0	0	0	0	1	1	1	1	1	1	1	0	0	1	1	1	1	1	0	0	1	1	0	1	0	1	0	1	1	1	1	1	1	1	1	0	1	1	1	0	-1	1	0	0	1	1	1	-1	0	-1	1	1	-1	1	1	1	1	1	1	1	1	1	1	1	1	1	1	0	1	0	0	1	0	1	1	-1	1	0	1	1	1	1	1	1	1	1	1	1	1	1	1	1	1	0	1	0	1	1	1	1	1	1	1
8	399774	1	1	1	0	1	1	-1	1	1	1	-1	1	-1	1	1	1	-1	1	1	1	0	-1	1	-1	1	0	0	0	1	0	1	1	1	1	1	1	1	1	0	1	1	1	1	1	1	1	1	1	1	-1	1	1	1	1	1	0	1	1	0	1	1	1	-1	1	-1	1	1	0	0	1	1	1	1	1	1	1	1	1	-1	1	1	0	0	1	1	1	1	-1	1	1	1	-1	1	1	1	1	1	1	1	1	1	0	-1	1	1	1	-1	1	1	1	1	1	1	-1	1	1	0	1	0	1	1	1	1	-1	0	0	0	1	0	1	1	1	-1	1	1	1	1	1	1	1	-1	0	0	0	1	1	1	-1	1	1	1	1	1	1	1	1	1	1	0	1	0	0	0	1	1	1	1	1	-1	1	1	1	1	1	1	1	0	0	0	1	1	0	0	-1	1	0	1	1	-1	0	0	0	0	1	1	0	1	1	1	-1	1	1	-1	0	-1	0	1	1	-1	-1	1	1	0	1	1	1	1	1	1	1	1	1	1	1	1	1	0	0	0	0	1	1	-1	1	1	1	1	1	1	1	1	-1	0	1	1	1	1	1	1	1	1	-1	1	1	1	1	-1	1	1	1	1	1	1	1	1	1	1	1	0	1	0	1	1	1	1	1	1	1	1	1	1	1	1	1	-1	0	0	1	1	1	-1	1	1	1	1	1	1	1	0	0	0	0	1	1	1	1	1	1	0	1	1	1	0	1	1	1	1	1	1	0	0	1	0	0	0	0	1	1	1	1	1	1	1	1	1	1	1	1	1	1	1	1	1	1	1	1	0	1	1	1	1	0	1	1	1	1	1	1	0	1	1	1	1	1	0	0	-1	1	1	1	-1	-1	-1	1	0	0	0	0	0	1	1	1	0	1	1	1	0	0	1	0	0	0	1	0	1	0	1	0	1	1	1	1	1	1	1	1	1	1	1	1	1	1	1	1	1	1	1	0	1	1	1	1	1	1	1
8	413067	0	0	0	-1	1	-1	-1	1	1	1	0	0	-1	-1	0	0	-1	1	0	1	0	-1	1	1	0	0	-1	0	-1	0	1	1	1	1	1	1	-1	0	0	0	1	-1	1	1	-1	1	1	0	1	-1	0	1	0	0	0	1	-1	1	0	1	0	0	1	1	1	0	1	0	-1	0	0	0	-1	-1	1	0	0	-1	0	0	0	0	0	0	0	-1	-1	1	0	-1	-1	0	0	-1	0	0	1	1	1	1	1	1	1	0	0	0	-1	0	0	1	0	0	0	0	1	0	1	1	1	1	-1	1	0	-1	1	0	0	0	0	1	0	0	0	0	-1	0	-1	0	1	1	0	1	1	1	0	0	0	0	0	0	1	0	1	1	0	0	0	0	1	1	1	1	1	0	0	0	-1	0	0	0	0	1	0	0	1	1	1	0	-1	0	0	0	0	1	0	-1	0	0	0	1	1	1	1	0	0	0	0	1	1	1	1	1	0	0	0	1	-1	1	-1	1	-1	0	0	0	0	0	0	0	0	-1	1	0	1	0	0	1	0	0	0	0	0	1	1	0	0	1	0	0	0	0	0	0	1	0	1	0	0	0	0	0	0	-1	0	0	1	0	-1	0	0	0	0	0	0	0	0	0	0	0	1	0	1	0	1	1	0	0	0	0	0	1	0	0	0	0	-1	1	0	1	0	1	0	0	1	0	0	0	0	0	0	0	0	0	1	1	1	0	1	1	1	1	1	1	0	0	0	0	1	0	0	1	1	1	0	0	0	0	0	0	0	0	-1	0	0	1	1	1	-1	0	0	0	1	0	0	1	0	0	0	1	0	-1	0	1	1	0	1	1	0	1	0	0	1	0	1	0	1	0	1	0	0	-1	1	-1	1	0	1	1	1	1	1	0	0	0	1	0	0	1	1	1	1	-1	0	0	1	0	1	0	0	1	0	-1	1	1	1	1	1	1	1	0	1	1	-1	1	1	0	0	1	-1	-1	1	0	1	0	0	-1	0
8	417335	1	1	1	1	-1	-1	-1	-1	-1	-1	-1	1	-1	-1	1	1	-1	1	1	1	1	-1	1	1	1	1	1	1	1	-1	1	1	-1	1	1	-1	-1	1	1	1	-1	-1	-1	1	-1	-1	-1	1	1	-1	1	-1	1	1	1	1	-1	1	-1	-1	1	-1	1	1	1	1	-1	1	1	-1	1	1	-1	1	-1	1	1	1	1	1	1	1	-1	1	-1	1	-1	1	0	-1	1	1	1	1	1	1	-1	1	1	1	1	1	-1	-1	-1	1	0	-1	1	1	1	1	1	1	1	-1	1	1	1	-1	-1	-1	1	-1	1	1	1	1	1	-1	-1	1	1	1	1	1	1	1	1	-1	1	1	-1	1	1	1	1	1	1	-1	1	-1	-1	-1	1	-1	1	-1	1	1	1	1	1	1	1	1	1	1	0	1	1	1	-1	1	1	1	1	1	1	1	1	1	-1	1	1	1	1	1	-1	1	1	1	1	1	1	1	1	1	1	1	1	1	1	1	1	1	1	1	1	-1	-1	1	1	1	1	1	1	-1	1	-1	1	1	1	1	1	1	1	1	1	1	1	1	1	1	-1	1	1	1	1	-1	1	1	-1	1	1	1	-1	1	1	1	1	-1	1	1	-1	1	1	1	1	1	1	1	1	1	1	1	-1	1	1	1	1	1	1	1	1	1	0	1	1	1	1	1	1	1	1	1	1	1	1	1	1	1	1	1	1	1	1	1	1	1	1	1	1	1	1	1	1	1	1	1	1	1	1	1	1	1	1	1	1	1	1	1	1	1	1	1	1	1	1	1	1	1	1	1	1	1	1	1	1	-1	1	1	1	1	1	1	1	1	1	1	1	1	1	1	-1	1	1	1	1	1	1	1	-1	1	1	1	1	1	1	1	1	-1	1	1	1	1	1	1	1	1	1	1	1	1	1	1	1	1	1	1	1	1	1	1	1	1	1	1	1	1	0	0	0	1	1	0	0	-1	1	1	1	1	1	1	1	1	-1	1	1	1	1	1	1	1	1
8	701557	1	-1	1	1	-1	-1	-1	1	1	0	-1	0	1	-1	1	1	-1	0	1	0	1	-1	1	0	0	1	-1	1	-1	-1	0	1	0	0	1	1	-1	1	0	1	0	-1	0	1	0	0	-1	1	0	0	1	1	1	1	-1	0	0	1	0	0	1	1	-1	0	0	0	1	0	0	0	-1	-1	1	1	1	1	0	-1	0	1	0	1	1	1	1	0	1	0	1	-1	-1	-1	0	0	0	0	0	1	0	0	-1	0	-1	1	1	1	1	-1	0	0	0	1	1	1	1	-1	-1	0	0	1	-1	-1	1	-1	0	-1	1	0	1	1	1	1	-1	1	1	1	0	0	1	1	-1	-1	1	1	1	-1	1	1	1	1	-1	0	0	0	1	1	1	0	-1	0	-1	0	-1	1	1	0	1	1	1	1	-1	1	-1	0	0	1	0	1	1	-1	0	0	1	0	1	1	0	0	1	1	0	0	-1	-1	0	1	0	0	0	0	0	0	0	1	1	-1	0	0	0	0	0	0	-1	0	1	1	1	1	1	-1	1	0	0	0	0	1	1	1	1	1	0	0	1	1	-1	0	1	0	0	0	0	0	-1	1	0	-1	-1	0	1	-1	1	1	1	1	-1	1	1	1	1	1	1	1	1	1	1	1	-1	-1	0	-1	0	0	1	-1	1	1	1	1	0	0	0	0	1	1	1	-1	1	-1	0	1	0	1	1	0	1	1	1	0	1	1	1	-1	0	-1	0	1	-1	1	0	1	1	0	0	0	0	1	1	1	1	-1	1	0	1	1	1	1	1	1	1	1	1	0	0	1	1	1	-1	0	0	0	1	-1	0	1	0	0	0	0	0	-1	1	0	0	1	0	-1	0	1	1	0	-1	1	0	0	-1	-1	-1	0	0	-1	1	-1	0	1	0	0	-1	1	1	1	1	1	1	1	1	0	0	0	1	-1	1	1	0	1	0	1	0	1	0	-1	1	1	1	0	0	1	1	0	0	0	-1	0	0	0	0	0	-1	-1	0	0	1	0	0	0	0
8	1056829	0	0	0	0	0	-1	-1	0	1	1	0	0	0	1	-1	0	-1	0	0	0	-1	-1	0	1	0	0	0	0	-1	0	0	0	1	0	0	0	0	0	0	0	0	-1	0	0	0	-1	-1	0	-1	-1	-1	0	-1	1	-1	-1	0	0	-1	0	0	0	1	0	0	-1	0	0	0	0	0	0	0	-1	-1	-1	0	0	-1	-1	0	-1	-1	0	0	0	-1	-1	-1	1	0	0	0	-1	0	0	0	-1	-1	-1	-1	-1	-1	0	0	0	0	0	-1	-1	-1	-1	0	-1	-1	0	0	0	0	-1	-1	0	0	0	-1	-1	-1	-1	-1	1	0	0	0	-1	-1	-1	-1	0	-1	-1	-1	-1	1	1	1	-1	0	0	-1	-1	0	0	0	0	1	0	-1	-1	-1	0	1	-1	-1	1	1	1	-1	-1	-1	0	-1	0	-1	1	-1	1	-1	-1	0	-1	0	-1	-1	0	-1	0	-1	-1	-1	-1	-1	-1	-1	-1	-1	-1	-1	-1	-1	-1	-1	-1	-1	-1	-1	-1	-1	-1	0	-1	-1	-1	0	0	0	0	0	0	0	0	0	0	0	-1	0	-1	0	0	0	-1	0	0	0	1	-1	0	0	0	0	0	0	-1	0	0	0	0	-1	0	0	-1	0	-1	0	0	0	0	0	0	0	0	0	0	0	0	0	0	-1	0	0	0	-1	0	0	0	0	0	0	0	0	0	0	0	0	0	0	0	-1	-1	0	0	-1	1	0	0	0	-1	0	0	0	0	-1	-1	-1	0	0	1	0	0	0	0	0	0	0	-1	-1	0	0	0	0	0	0	0	0	-1	0	0	-1	0	0	-1	0	0	0	0	0	0	0	0	0	-1	0	0	0	0	0	0	0	0	0	0	0	0	-1	0	0	0	0	0	-1	-1	-1	1	0	-1	0	-1	0	0	0	0	-1	0	0	0	0	1	0	1	0	0	0	0	1	0	1	0	0	0	0	0	0	0	0	0	0	0	0	0	0	-1	0	0	0	0	0	0	0	0	0	0	0	0	0	0	0	1	-1	-1	0	-1	0	0	-1	-1	0
8	1313202	1	1	1	1	1	0	0	0	-1	1	-1	1	1	1	1	1	-1	1	0	1	0	0	1	-1	1	0	-1	0	-1	-1	0	1	-1	0	0	-1	1	-1	1	-1	0	-1	0	1	-1	-1	-1	1	1	1	1	1	1	1	1	0	1	1	1	0	1	1	1	1	1	1	-1	1	1	1	-1	1	-1	-1	1	1	1	1	1	0	-1	0	1	1	0	1	1	0	0	1	1	1	1	0	1	1	0	1	1	1	1	1	-1	1	-1	0	1	-1	0	0	-1	1	1	1	1	1	0	1	0	0	-1	1	1	1	0	1	1	1	1	-1	1	1	1	1	1	0	-1	1	1	1	-1	0	-1	1	0	1	1	1	1	0	-1	1	1	-1	1	-1	1	0	0	0	-1	1	1	1	1	1	0	1	0	0	1	-1	0	0	0	1	1	1	-1	-1	1	1	0	0	1	1	0	0	0	1	0	0	0	1	1	1	0	-1	1	1	1	0	0	1	1	1	1	0	0	1	-1	1	1	0	1	1	1	1	1	-1	0	1	-1	1	1	0	0	0	0	1	1	1	0	0	-1	1	0	1	1	1	0	0	0	1	1	1	1	1	1	-1	1	0	1	1	0	1	1	1	1	1	1	1	1	1	1	1	-1	0	0	0	0	1	1	0	1	1	0	1	1	1	1	-1	1	1	1	1	-1	-1	1	1	1	1	0	1	1	0	1	-1	1	1	1	-1	1	1	1	1	0	0	1	1	1	1	1	1	0	1	-1	1	-1	1	0	1	1	1	1	1	1	1	1	1	1	1	1	1	1	1	0	0	1	1	1	0	0	1	1	0	0	-1	-1	1	1	1	1	1	0	1	1	0	1	1	0	1	-1	1	1	1	1	1	0	0	-1	0	1	1	-1	1	-1	1	1	1	1	1	1	1	1	1	0	0	1	0	1	-1	1	1	1	1	1	1	1	0	0	0	0	1	1	0	0	1	1	0	-1	1	1	1	1	1	1	1	1	1	1	1	1	1	1
8	1314831	0	0	0	-1	-1	-1	-1	-1	-1	-1	-1	-1	-1	-1	-1	-1	-1	-1	-1	-1	-1	-1	-1	-1	-1	-1	-1	-1	-1	-1	-1	-1	-1	-1	-1	-1	-1	-1	-1	-1	-1	-1	-1	-1	-1	-1	-1	-1	-1	-1	-1	-1	-1	-1	-1	-1	-1	-1	-1	-1	-1	-1	-1	-1	-1	-1	-1	-1	-1	-1	-1	-1	-1	-1	-1	-1	-1	-1	-1	-1	-1	-1	-1	-1	-1	-1	-1	-1	-1	-1	-1	-1	-1	-1	-1	-1	-1	-1	-1	-1	-1	-1	-1	-1	-1	-1	-1	-1	-1	-1	-1	-1	-1	-1	-1	-1	-1	-1	-1	-1	-1	-1	-1	-1	-1	-1	-1	-1	-1	-1	-1	-1	-1	-1	-1	-1	-1	-1	-1	-1	-1	-1	-1	-1	-1	-1	-1	-1	-1	-1	-1	-1	-1	-1	-1	-1	-1	-1	-1	-1	-1	-1	-1	-1	-1	-1	-1	-1	-1	-1	-1	-1	-1	-1	-1	-1	-1	-1	-1	-1	-1	-1	-1	-1	-1	-1	-1	-1	-1	-1	-1	-1	-1	-1	-1	-1	-1	-1	-1	-1	-1	-1	-1	-1	-1	-1	-1	-1	-1	-1	-1	-1	0	0	0	0	0	-1	0	-1	0	1	0	1	0	1	0	0	-1	-1	1	0	0	-1	-1	0	-1	0	1	-1	-1	-1	-1	0	0	1	1	1	0	-1	0	-1	-1	0	-1	0	-1	0	0	0	0	0	0	0	0	0	-1	-1	1	-1	1	0	0	0	0	-1	0	0	0	1	0	1	1	0	-1	0	-1	-1	0	0	-1	0	0	0	0	-1	-1	-1	0	0	0	-1	-1	1	1	0	0	0	0	0	-1	1	0	-1	-1	0	1	1	0	0	1	-1	0	-1	0	0	-1	0	0	-1	0	0	0	-1	0	-1	-1	0	1	-1	0	0	0	1	0	-1	1	-1	0	-1	0	-1	-1	-1	-1	1	0	1	0	-1	-1	0	-1	-1	0	-1	0	0	-1	1	-1	-1	-1	0	0	0	0	-1	0	0	0	0	-1	-1	0	0	1	0	1	0	1	0	0	1	0	1	1	0	-1	-1	0	-1	0	0	0	0	0	-1	0	0	0	0	0	0	-1	0	-1	-1	0	-1	0	-1	-1	0	-1
9	163977	0	-1	0	0	0	1	-1	0	1	-1	1	-1	-1	0	-1	0	-1	0	0	1	-1	-1	0	-1	1	1	0	1	-1	0	0	1	-1	0	0	1	0	-1	0	0	1	-1	-1	0	0	-1	-1	0	1	-1	-1	0	-1	-1	-1	-1	0	0	-1	1	0	0	-1	0	0	-1	-1	0	0	0	0	0	0	0	-1	-1	-1	-1	-1	-1	-1	-1	-1	0	0	-1	-1	-1	-1	1	-1	-1	-1	-1	0	0	1	-1	-1	-1	-1	-1	0	1	0	0	-1	-1	-1	-1	-1	-1	-1	-1	-1	0	0	0	-1	-1	0	0	0	0	-1	-1	-1	-1	-1	-1	0	0	-1	-1	-1	-1	-1	0	-1	-1	-1	-1	0	0	0	1	0	-1	-1	-1	0	0	0	0	1	0	-1	-1	-1	1	-1	-1	-1	-1	-1	-1	-1	-1	-1	0	0	-1	-1	-1	-1	-1	-1	-1	-1	-1	-1	-1	-1	-1	-1	-1	-1	-1	-1	-1	-1	-1	-1	-1	-1	-1	-1	-1	-1	-1	-1	-1	-1	-1	-1	-1	-1	-1	-1	-1	-1	-1	0	0	1	1	1	0	0	0	0	1	0	-1	0	0	1	1	1	-1	1	0	0	0	-1	0	0	1	0	-1	1	-1	-1	0	-1	0	-1	0	0	1	0	0	0	0	1	0	-1	0	0	0	0	0	0	0	0	0	0	-1	0	1	-1	1	0	0	0	0	0	-1	0	0	1	0	1	0	0	1	-1	1	0	1	-1	0	0	1	0	0	0	0	1	1	1	1	-1	0	0	1	0	1	0	0	0	0	1	-1	-1	0	0	0	0	0	0	-1	1	-1	1	1	-1	0	0	-1	0	0	0	0	0	-1	-1	1	0	0	0	0	0	0	0	-1	0	1	-1	-1	0	0	-1	1	0	0	1	1	0	1	-1	1	1	-1	0	-1	-1	0	0	-1	-1	-1	0	0	-1	0	0	0	0	0	0	0	0	-1	1	0	0	1	0	1	0	1	1	0	1	-1	1	-1	0	-1	0	0	0	0	0	0	0	-1	0	1	-1	1	0	1	1	1	-1	-1	0	1	1	-1	-1	-1	0
9	452690	1	1	0	1	1	0	-1	0	1	1	1	1	-1	0	-1	0	-1	0	1	1	1	1	1	1	1	0	0	0	0	1	1	-1	1	0	0	1	0	1	1	1	1	1	1	1	0	0	1	0	1	-1	0	1	0	0	0	-1	1	1	1	1	0	1	-1	1	1	1	1	1	0	0	-1	1	0	-1	0	-1	1	1	1	1	1	-1	-1	1	0	1	0	0	-1	1	1	-1	1	1	0	1	1	-1	1	-1	1	1	1	1	1	1	0	1	-1	0	-1	-1	1	-1	1	0	0	0	0	1	0	1	1	1	-1	0	-1	0	0	-1	0	-1	0	0	0	1	1	1	-1	1	-1	1	-1	-1	1	1	0	0	0	0	-1	0	0	1	1	0	-1	-1	1	1	1	1	0	0	1	0	1	1	1	0	1	0	-1	1	1	-1	-1	0	-1	1	1	1	0	-1	1	0	-1	-1	0	0	0	0	0	0	-1	0	0	1	0	0	0	-1	0	0	1	1	-1	0	1	1	0	1	1	1	1	1	1	1	1	1	1	1	0	-1	0	1	1	1	1	0	1	1	0	1	1	1	1	1	0	0	1	1	0	0	0	1	1	1	0	1	1	-1	0	0	0	0	0	0	0	0	0	0	0	0	0	0	-1	-1	1	0	1	1	1	1	1	1	1	0	1	1	1	0	0	1	1	1	0	1	1	1	1	1	1	1	1	1	0	0	0	0	0	0	1	1	1	1	1	0	1	1	1	1	0	0	-1	1	1	1	1	1	0	0	1	1	1	1	0	-1	0	0	0	1	1	1	1	-1	1	0	0	-1	0	1	1	1	1	1	1	1	1	1	0	0	-1	1	1	0	1	1	1	1	0	1	1	0	1	0	-1	1	1	0	0	0	1	-1	-1	1	0	-1	0	1	1	1	0	1	0	0	0	1	1	-1	0	0	0	0	1	0	0	0	0	1	0	0	0	0	0	0	0	1	0	0	0	0	0	1	1	0	0	-1	0	1	1	1	1	1	1
9	599655	1	1	1	-1	-1	-1	-1	-1	-1	-1	-1	-1	-1	-1	-1	-1	-1	-1	-1	-1	-1	1	1	-1	-1	-1	-1	-1	-1	-1	-1	-1	1	-1	-1	-1	-1	-1	0	1	-1	-1	-1	-1	1	-1	-1	-1	1	1	-1	-1	-1	-1	-1	-1	-1	-1	-1	-1	-1	-1	-1	-1	-1	-1	-1	-1	-1	-1	-1	-1	-1	-1	0	-1	-1	-1	1	-1	-1	-1	-1	-1	-1	1	-1	1	-1	-1	-1	-1	-1	-1	-1	-1	-1	-1	-1	-1	-1	-1	-1	-1	-1	-1	-1	-1	-1	-1	-1	0	1	-1	-1	-1	-1	-1	1	-1	-1	-1	-1	-1	-1	-1	-1	-1	-1	-1	-1	-1	-1	-1	-1	-1	-1	-1	-1	-1	1	-1	-1	-1	-1	-1	-1	-1	-1	-1	-1	-1	-1	-1	-1	-1	-1	1	-1	-1	-1	1	-1	-1	-1	1	-1	-1	1	-1	-1	1	-1	-1	-1	-1	-1	-1	-1	-1	-1	-1	-1	1	-1	-1	-1	-1	-1	-1	-1	-1	-1	-1	-1	1	-1	-1	-1	-1	-1	-1	-1	-1	1	-1	0	-1	1	1	-1	-1	0	1	1	1	1	-1	1	1	1	1	1	-1	1	1	1	1	-1	-1	1	1	1	1	-1	1	1	1	1	-1	1	-1	-1	1	0	1	1	1	1	1	1	-1	1	1	-1	1	-1	1	1	1	1	-1	1	1	1	1	-1	1	1	1	-1	1	0	1	1	1	1	1	-1	0	1	-1	1	1	1	1	-1	-1	1	1	-1	1	1	1	1	1	-1	-1	1	1	1	1	-1	1	0	1	1	1	1	1	1	0	1	1	-1	1	1	1	-1	1	1	1	1	1	1	1	-1	1	1	1	1	1	1	1	-1	-1	1	1	0	1	1	1	-1	1	1	-1	1	1	1	1	1	-1	1	-1	-1	1	1	1	1	1	-1	1	-1	-1	1	-1	1	1	-1	1	-1	-1	1	1	1	1	1	-1	1	1	1	1	1	1	1	1	1	1	1	0	1	1	0	1	0	1	1	1	0	-1	1	1	1	1	1	1	1	-1	1	1	1	1	1	1	1	1	-1	-1	1	-1	1	1	-1	1	1
9	900277	1	1	1	0	-1	-1	-1	1	-1	-1	1	-1	1	1	1	1	-1	1	1	1	0	-1	1	-1	1	1	1	1	1	1	0	0	-1	1	1	-1	1	1	1	1	-1	-1	-1	1	-1	-1	-1	1	1	-1	1	1	1	1	1	0	0	0	-1	1	1	1	-1	1	1	-1	-1	1	1	1	1	1	1	-1	0	0	0	0	0	1	1	1	-1	1	-1	1	1	-1	1	-1	1	1	1	-1	1	1	1	1	-1	1	1	0	-1	-1	1	1	-1	-1	-1	0	-1	-1	1	1	1	-1	1	1	1	-1	-1	-1	1	-1	0	1	0	1	-1	-1	1	1	-1	1	1	-1	0	1	1	1	0	0	-1	0	1	1	1	-1	1	1	1	1	1	1	1	1	1	1	1	1	1	0	1	1	1	1	-1	0	1	-1	1	1	1	1	0	1	1	1	-1	1	1	1	-1	1	1	1	0	0	0	1	0	0	0	1	1	0	1	0	-1	1	1	0	0	0	1	0	1	1	-1	1	-1	1	1	1	1	1	1	1	0	1	0	1	1	1	1	1	0	0	0	-1	1	1	1	1	1	1	1	-1	1	1	1	0	0	1	1	0	-1	1	1	1	0	-1	1	1	-1	1	1	1	1	1	1	1	1	1	1	1	0	0	0	1	0	1	0	1	1	1	1	0	1	1	1	1	0	1	1	1	1	1	-1	0	-1	1	0	0	1	1	1	-1	1	1	-1	1	1	1	1	1	0	1	0	1	1	1	1	-1	1	1	1	1	1	1	0	-1	0	0	0	0	1	1	1	1	1	1	1	1	1	1	1	1	1	1	1	1	1	1	1	0	0	0	1	0	1	0	1	1	1	1	1	1	1	1	-1	1	-1	0	1	-1	1	1	0	0	-1	-1	1	0	1	1	1	-1	1	1	1	1	1	1	1	1	0	1	0	0	1	0	0	1	0	1	0	1	1	-1	1	1	1	1	1	1	1	1	1	1	1	1	1	1	1	0	0	0	1	1	1	-1	1	1	1
9	1379145	0	-1	1	-1	1	0	1	1	0	-1	-1	0	0	0	1	1	-1	1	1	1	1	1	0	1	1	1	-1	1	1	1	1	1	-1	1	1	0	0	1	-1	1	1	1	1	0	-1	0	1	1	-1	-1	1	0	1	1	1	1	-1	1	0	1	0	0	-1	1	-1	0	1	1	0	1	1	1	1	-1	1	0	1	-1	1	-1	1	-1	1	0	1	-1	0	-1	0	1	-1	-1	0	-1	1	1	-1	1	0	1	1	0	-1	1	1	1	-1	1	0	-1	1	0	0	0	0	1	1	1	1	0	0	1	1	-1	1	1	1	1	1	0	1	1	1	1	1	0	0	0	0	0	1	1	-1	1	0	1	-1	1	0	1	1	0	1	1	1	0	1	1	-1	1	1	-1	1	1	-1	1	1	1	-1	1	1	-1	1	1	0	0	0	1	1	0	1	-1	-1	1	1	1	1	1	-1	1	1	1	1	-1	0	1	1	1	1	1	1	1	0	1	-1	-1	1	1	1	1	-1	0	-1	1	1	1	1	1	1	1	1	1	1	1	-1	0	1	1	1	1	1	1	1	1	1	1	0	0	0	1	1	1	1	1	-1	1	-1	1	1	1	1	1	1	1	0	1	1	1	1	1	1	1	1	1	1	1	-1	0	1	0	-1	0	1	-1	1	0	0	-1	1	1	0	1	0	-1	1	0	-1	1	1	0	1	1	1	0	0	1	1	0	1	1	1	1	0	0	1	1	1	0	-1	1	1	1	0	0	0	0	1	1	0	0	1	0	1	1	1	1	0	1	1	1	1	0	0	0	0	0	1	1	1	1	0	1	1	1	0	-1	1	1	-1	-1	1	1	0	1	0	1	0	1	1	0	1	1	1	0	0	0	1	-1	1	1	-1	-1	0	1	0	1	-1	1	1	1	1	1	1	1	1	0	1	1	1	-1	1	-1	0	1	0	1	-1	1	1	0	1	1	1	1	1	1	1	0	1	1	1	1	0	0	-1	0	1	-1	0	0	1	0	0	0	0
10	317581	1	-1	0	1	0	0	-1	0	1	-1	-1	1	0	0	-1	0	0	0	0	0	-1	-1	-1	0	0	0	0	0	-1	0	0	0	-1	1	0	0	-1	1	-1	1	0	-1	0	0	0	-1	0	0	1	1	-1	0	-1	-1	-1	-1	-1	1	-1	0	-1	0	-1	1	0	-1	1	1	-1	1	1	-1	0	0	-1	-1	0	0	-1	-1	0	-1	-1	0	0	-1	-1	-1	-1	-1	0	-1	-1	-1	1	0	0	-1	-1	-1	-1	-1	0	0	1	1	0	0	-1	-1	1	-1	-1	-1	-1	-1	0	0	-1	-1	0	-1	1	0	-1	-1	-1	-1	-1	-1	0	0	-1	-1	-1	-1	-1	0	-1	-1	-1	-1	-1	-1	1	0	-1	-1	-1	-1	0	0	0	1	-1	0	-1	-1	-1	0	-1	-1	-1	-1	-1	-1	-1	-1	-1	-1	0	-1	-1	-1	-1	-1	-1	-1	-1	-1	-1	-1	-1	-1	-1	-1	-1	-1	-1	-1	-1	-1	-1	-1	-1	-1	-1	-1	-1	-1	-1	-1	-1	-1	-1	-1	-1	-1	-1	-1	-1	-1	1	0	0	0	0	0	0	-1	1	0	-1	-1	0	-1	1	1	-1	-1	0	1	0	0	-1	-1	-1	1	1	-1	0	-1	0	0	1	1	-1	1	0	0	0	-1	0	0	-1	0	-1	0	0	0	0	0	0	0	0	0	0	1	1	1	-1	1	1	1	0	0	1	1	0	-1	1	-1	1	0	0	1	-1	-1	0	0	-1	1	1	1	0	-1	0	0	0	0	0	0	-1	0	1	1	0	1	0	1	-1	1	0	-1	1	1	0	1	-1	1	0	1	1	-1	1	1	0	0	0	-1	0	0	0	0	0	0	0	0	1	0	0	1	0	0	1	1	1	1	0	1	0	1	1	0	0	1	1	1	1	1	-1	1	1	1	1	-1	-1	0	-1	-1	-1	-1	-1	0	-1	1	1	-1	1	1	1	1	0	0	0	0	-1	1	0	0	0	0	-1	0	-1	-1	1	0	-1	-1	0	0	0	0	0	0	0	-1	0	-1	-1	0	0	1	-1	1	-1	-1	0	1	0	-1	-1	0	0
10	336274	0	0	0	0	0	0	1	0	1	-1	0	-1	-1	0	-1	0	0	0	0	1	-1	1	0	-1	0	0	0	0	-1	0	1	0	1	0	0	1	0	1	0	0	-1	-1	1	0	0	-1	0	0	1	-1	-1	0	-1	-1	-1	-1	0	-1	-1	-1	0	-1	-1	0	-1	-1	-1	0	-1	0	0	1	1	-1	-1	-1	0	0	-1	-1	0	-1	-1	0	0	0	-1	-1	-1	-1	0	-1	-1	-1	0	0	1	-1	-1	-1	1	-1	-1	0	1	1	-1	0	-1	-1	0	-1	-1	-1	-1	-1	0	0	-1	-1	-1	0	0	1	-1	-1	-1	-1	-1	0	0	0	-1	-1	-1	-1	-1	1	-1	-1	-1	-1	0	0	1	0	0	-1	-1	-1	0	0	-1	0	0	0	-1	-1	-1	1	-1	-1	-1	-1	-1	-1	-1	-1	-1	1	0	-1	-1	-1	-1	-1	-1	-1	-1	-1	-1	-1	-1	-1	-1	-1	-1	-1	-1	-1	-1	-1	-1	-1	-1	-1	-1	-1	-1	-1	-1	-1	-1	-1	-1	-1	-1	-1	-1	-1	-1	-1	0	1	0	0	0	0	0	-1	1	1	0	-1	0	-1	1	1	1	-1	1	1	0	0	-1	0	-1	0	0	0	1	-1	0	0	-1	0	0	1	0	0	0	1	-1	0	0	0	-1	0	0	0	0	0	0	0	0	0	-1	1	1	1	1	1	0	0	0	0	0	1	1	0	1	0	0	-1	-1	0	-1	-1	0	0	-1	0	0	0	0	0	0	0	0	0	-1	0	-1	1	0	0	1	0	-1	0	0	0	0	-1	-1	-1	0	0	-1	1	0	1	0	-1	0	0	-1	0	0	0	0	1	1	0	-1	0	0	0	0	-1	0	0	0	1	0	-1	0	-1	-1	0	0	0	-1	0	0	0	1	0	0	1	-1	0	-1	-1	1	-1	0	0	0	0	1	-1	0	0	1	0	0	0	0	1	1	1	0	1	0	1	0	0	0	0	0	0	0	0	0	0	0	1	0	-1	0	0	0	1	1	0	0	-1	1	-1	-1	1	1	1	1	0	-1	-1	1	-1	0	1	-1	-1	1
10	1383789	1	1	0	-1	-1	-1	-1	1	1	1	1	-1	-1	-1	1	1	-1	1	1	1	1	1	1	-1	1	1	0	1	1	-1	1	1	1	1	1	1	1	-1	1	1	1	-1	-1	-1	1	1	-1	1	-1	1	0	1	0	-1	0	1	1	1	1	1	1	1	1	1	1	1	-1	1	-1	-1	-1	1	1	1	1	-1	-1	1	1	1	1	-1	1	1	-1	1	1	1	1	-1	1	-1	1	1	1	-1	-1	1	1	1	1	1	-1	-1	1	1	-1	-1	1	1	1	1	1	1	1	-1	1	-1	1	1	-1	-1	1	-1	1	-1	1	1	1	-1	0	-1	0	0	0	1	1	1	1	1	-1	1	-1	1	1	1	-1	-1	1	-1	-1	-1	1	1	1	1	1	1	1	1	1	1	1	0	1	1	-1	0	1	1	1	-1	-1	1	1	1	-1	1	1	1	1	1	-1	-1	1	1	1	1	1	1	1	1	1	1	1	1	1	1	1	1	1	1	1	1	1	1	1	1	1	-1	1	1	1	1	1	1	1	1	0	1	1	0	1	0	1	1	1	1	1	1	0	1	1	1	-1	1	-1	1	1	1	0	1	-1	0	1	1	1	1	1	1	1	-1	-1	0	-1	0	0	0	0	0	0	0	0	0	0	0	1	1	1	1	-1	1	1	1	1	1	1	1	1	1	1	-1	1	1	1	1	1	1	1	1	-1	1	1	1	1	1	1	-1	1	1	1	-1	1	1	1	1	1	1	1	1	1	1	1	-1	1	1	1	1	-1	1	1	1	1	1	1	1	1	0	0	0	0	1	1	1	-1	1	1	1	1	0	1	1	1	1	1	1	1	-1	1	1	1	-1	1	1	-1	1	1	1	1	1	1	1	-1	1	1	1	1	1	1	1	0	-1	1	0	1	1	1	1	1	1	1	1	1	1	1	1	1	1	1	1	1	1	1	1	1	1	1	1	1	1	1	1	1	1	1	1	1	1	1	1	1	1	1	1	1	1	1	1	1	1	1	1	1	1	1
10	1385894	1	1	1	0	-1	1	-1	0	1	1	1	-1	1	-1	1	0	-1	1	0	1	1	0	1	1	1	1	1	1	-1	-1	0	-1	1	1	0	0	0	0	0	0	-1	-1	0	1	1	0	-1	1	1	1	1	1	1	1	1	0	0	0	0	0	0	0	0	0	1	-1	1	1	-1	0	-1	1	1	1	1	1	0	0	0	1	1	1	1	0	1	1	0	1	1	-1	1	1	1	0	0	0	0	1	-1	1	1	1	1	-1	0	0	1	0	-1	0	0	1	1	1	1	0	0	0	1	1	-1	1	1	-1	0	1	1	1	1	-1	1	1	0	1	1	-1	1	0	1	1	-1	0	-1	0	1	1	0	0	0	-1	-1	0	0	0	1	1	1	0	0	0	1	1	1	1	1	1	1	1	1	1	-1	0	-1	1	1	1	-1	1	1	-1	1	0	-1	0	1	-1	0	0	0	1	0	0	-1	0	0	1	1	-1	0	0	0	0	0	1	1	1	-1	0	0	0	0	0	0	1	1	1	1	1	1	0	0	0	1	1	0	-1	0	0	0	1	0	0	1	0	1	1	0	1	1	1	0	-1	0	1	-1	0	0	1	0	1	1	1	1	1	1	1	1	1	1	1	1	1	1	1	1	1	0	0	0	0	-1	0	0	1	1	0	1	-1	1	0	0	-1	1	1	1	1	1	0	0	0	0	0	0	1	0	0	1	1	1	1	1	-1	0	0	1	1	0	1	1	1	1	0	0	1	0	1	-1	1	0	1	0	-1	1	1	1	1	0	1	1	1	1	0	0	1	1	1	0	1	0	0	1	1	0	1	1	1	1	-1	0	1	1	0	1	1	1	1	0	1	1	0	0	0	0	1	1	0	0	0	0	-1	-1	0	0	1	1	1	-1	1	1	1	1	1	1	0	1	0	0	0	1	1	1	1	1	1	1	1	0	0	-1	-1	0	0	0	0	0	0	0	-1	0	0	0	0	0	0	0	1	0	1	0	0	1	0	0	0	0
10	1386850	1	1	0	1	1	1	1	1	1	-1	-1	1	-1	-1	1	0	-1	1	1	1	1	-1	1	-1	1	1	-1	1	-1	0	1	-1	1	1	0	1	-1	1	1	1	-1	1	1	1	-1	-1	-1	1	1	-1	0	1	0	-1	0	0	1	1	-1	1	0	0	-1	1	-1	1	1	1	1	1	1	1	1	1	1	-1	0	0	0	-1	1	1	1	0	-1	1	0	-1	0	-1	-1	1	1	-1	1	1	1	1	1	1	1	1	-1	-1	0	0	0	0	1	0	1	0	0	0	1	-1	1	1	-1	1	-1	1	1	-1	0	1	1	1	0	1	0	0	0	0	0	-1	-1	1	1	1	0	1	-1	1	1	1	1	-1	0	-1	1	0	0	1	1	1	1	1	0	1	-1	1	1	0	0	1	1	0	0	-1	1	-1	1	0	1	1	1	0	1	1	-1	-1	-1	-1	1	-1	1	1	-1	1	1	1	1	0	1	-1	1	0	1	1	1	1	1	1	-1	1	1	1	-1	-1	1	1	1	1	1	1	1	-1	0	1	1	1	0	0	0	1	1	1	1	1	1	1	-1	0	1	0	1	0	1	1	1	1	1	0	1	1	1	1	0	1	1	-1	0	0	0	0	0	0	0	0	0	0	0	0	0	0	0	0	0	0	-1	1	1	1	1	0	0	1	1	1	1	1	1	1	-1	1	-1	1	0	0	0	0	1	1	0	1	1	0	1	1	1	1	1	1	1	1	1	1	1	1	1	1	1	-1	1	0	1	1	1	1	1	1	1	1	1	1	1	0	0	0	0	1	1	1	1	1	1	1	0	0	1	1	1	1	1	1	1	1	1	-1	1	0	1	1	0	1	1	1	1	1	1	1	1	1	1	1	0	0	1	1	0	1	1	0	1	1	1	1	1	1	1	1	0	1	1	0	1	0	1	1	0	1	1	0	1	0	0	0	1	1	1	1	1	1	1	1	1	-1	1	1	1	1	0	1	1	1	1	1	0	1	1	1	1	1	1
11	408668	0	0	1	-1	-1	-1	-1	-1	-1	-1	-1	-1	0	-1	-1	-1	-1	-1	-1	-1	0	1	-1	-1	-1	-1	-1	-1	-1	-1	-1	-1	-1	-1	-1	-1	-1	-1	0	-1	-1	-1	-1	0	1	-1	-1	-1	-1	-1	1	-1	-1	-1	-1	-1	-1	0	-1	-1	-1	-1	-1	-1	-1	-1	-1	-1	-1	-1	-1	-1	-1	-1	1	-1	-1	-1	1	-1	0	-1	-1	0	-1	-1	1	-1	1	-1	-1	-1	-1	-1	-1	-1	-1	-1	-1	-1	-1	0	-1	-1	0	-1	-1	-1	-1	-1	-1	-1	1	1	1	-1	-1	-1	-1	-1	1	-1	-1	-1	1	-1	-1	-1	0	-1	-1	-1	-1	0	-1	-1	-1	0	-1	-1	-1	1	-1	-1	-1	-1	-1	-1	-1	-1	-1	-1	-1	-1	-1	-1	0	0	-1	-1	-1	-1	-1	1	-1	1	-1	-1	1	-1	-1	-1	-1	0	-1	-1	0	-1	-1	-1	-1	-1	-1	0	-1	-1	-1	-1	-1	-1	-1	0	-1	0	0	-1	0	-1	0	0	0	0	-1	1	-1	-1	0	0	-1	-1	1	0	0	1	1	1	1	0	1	-1	1	0	1	-1	-1	0	0	0	0	-1	0	0	1	1	1	1	0	1	0	-1	0	-1	-1	1	0	1	1	1	0	0	0	-1	1	1	-1	1	1	1	1	1	1	1	1	1	1	1	-1	1	1	1	1	0	1	1	0	0	1	0	1	0	0	-1	1	0	-1	1	-1	-1	1	0	-1	0	0	0	0	-1	-1	0	1	1	1	1	-1	1	0	0	0	1	0	0	-1	0	1	0	1	1	-1	1	1	0	1	-1	1	-1	1	1	-1	0	0	0	0	0	0	0	-1	0	-1	0	0	1	0	1	0	1	0	-1	0	-1	-1	-1	0	-1	-1	0	-1	1	0	1	0	0	-1	1	-1	0	0	-1	1	-1	1	1	-1	-1	1	1	0	1	1	1	1	1	1	1	1	1	0	1	0	1	0	1	0	-1	1	0	1	0	1	1	0	-1	1	1	1	0	0	1	1	0	0	0	0	0	1	0	0	1	-1	-1	1	0	1	-1	-1	0	0
11	477922	1	1	1	-1	-1	-1	1	1	-1	0	1	-1	1	-1	-1	0	-1	0	1	1	-1	0	1	0	1	1	0	1	-1	1	0	1	1	1	1	0	-1	1	0	1	0	1	0	1	-1	-1	1	1	1	-1	-1	1	-1	-1	-1	-1	1	1	-1	-1	1	1	-1	0	1	-1	-1	0	1	0	0	1	1	1	-1	-1	1	1	-1	-1	1	1	-1	0	-1	1	-1	-1	-1	-1	1	-1	-1	-1	0	-1	-1	-1	-1	-1	-1	-1	-1	-1	1	1	-1	-1	-1	-1	0	-1	-1	-1	-1	-1	0	1	-1	-1	-1	-1	0	0	-1	-1	-1	-1	-1	-1	1	1	-1	-1	-1	-1	-1	0	-1	-1	-1	-1	-1	1	0	-1	0	-1	-1	-1	1	1	1	-1	1	1	-1	-1	-1	0	-1	-1	-1	-1	-1	-1	-1	-1	-1	1	0	-1	-1	-1	-1	-1	-1	-1	-1	-1	-1	-1	-1	-1	-1	-1	-1	-1	-1	-1	-1	-1	-1	-1	-1	-1	-1	-1	-1	-1	-1	-1	-1	-1	-1	-1	-1	-1	-1	-1	-1	-1	0	1	1	1	1	1	1	-1	0	1	-1	-1	1	-1	1	1	-1	-1	1	1	0	-1	-1	0	-1	1	1	1	1	-1	1	1	1	0	-1	1	0	-1	1	-1	-1	1	-1	1	-1	1	1	1	1	1	1	1	1	1	1	1	1	1	1	1	1	0	0	1	0	1	0	0	1	1	1	1	1	0	-1	-1	1	1	-1	0	1	0	0	1	1	0	0	0	0	0	-1	0	0	1	0	0	1	1	1	0	1	-1	1	0	1	0	1	1	1	0	0	-1	0	0	-1	1	1	-1	1	0	0	1	1	1	1	0	1	1	1	0	1	1	1	1	0	1	1	1	1	0	-1	1	-1	1	1	0	1	1	-1	0	-1	-1	1	-1	1	1	-1	1	-1	-1	1	1	1	-1	-1	-1	1	1	1	1	1	0	1	1	1	1	1	1	0	-1	-1	0	1	0	1	0	0	-1	1	1	1	0	0	1	1	1	0	0	0	0	1	1	-1	1	-1	-1	1	-1	1	-1	-1	0	0
11	828596	0	0	0	-1	-1	-1	-1	0	-1	-1	-1	0	-1	-1	0	0	-1	0	0	1	1	0	0	-1	-1	0	0	0	0	-1	0	0	-1	1	0	-1	-1	1	0	0	-1	-1	-1	0	-1	-1	-1	0	-1	-1	0	-1	0	-1	0	0	0	0	0	-1	0	0	-1	0	-1	0	-1	-1	0	-1	0	0	-1	0	0	0	0	1	1	-1	0	0	1	0	0	1	-1	-1	0	-1	0	0	0	0	0	-1	-1	0	0	0	1	0	-1	0	0	0	0	-1	-1	0	-1	0	-1	0	0	-1	0	0	-1	-1	0	-1	0	-1	0	1	1	0	0	-1	0	0	-1	0	0	-1	0	0	0	0	-1	0	-1	0	0	0	0	0	0	0	0	0	-1	-1	0	-1	0	0	0	0	0	0	0	0	0	-1	0	0	0	0	0	-1	0	0	0	0	0	0	0	0	0	0	0	0	0	0	0	0	-1	0	0	0	0	0	0	0	0	0	0	0	0	0	0	-1	0	0	0	0	0	0	0	0	0	0	0	0	0	1	0	-1	0	0	0	-1	0	0	1	1	1	-1	0	0	0	0	-1	0	0	0	0	-1	0	0	0	0	0	0	-1	0	0	0	0	-1	0	0	-1	0	0	0	0	0	0	0	0	0	0	0	-1	0	0	0	0	0	0	-1	0	0	0	0	0	0	0	-1	0	0	0	0	0	0	-1	1	1	0	0	0	0	0	0	0	0	0	0	0	0	0	0	0	0	0	0	0	0	0	0	0	0	0	0	0	0	0	0	0	1	1	1	1	0	0	0	0	0	0	0	0	0	0	0	0	0	-1	0	0	0	0	0	0	0	0	0	-1	0	0	0	0	-1	0	0	0	0	0	0	0	-1	-1	0	-1	0	0	0	0	-1	-1	0	0	0	0	0	0	0	0	0	0	0	-1	1	0	0	0	0	0	0	0	0	0	0	0	0	0	0	0	0	0	0	0	0	0	0	-1	0	0	0	0	0	0	0	0	-1	0	0	0	0	0	0	0	0
11	1006911	1	1	1	-1	-1	-1	-1	1	-1	-1	-1	-1	-1	-1	1	1	-1	1	1	1	-1	-1	1	-1	1	-1	1	0	-1	-1	1	0	1	1	1	-1	-1	-1	1	1	-1	-1	1	1	-1	-1	-1	-1	-1	1	1	1	1	1	1	1	1	1	1	-1	1	1	-1	1	1	1	1	-1	1	1	-1	1	1	-1	-1	-1	1	1	1	-1	1	-1	-1	1	-1	1	-1	-1	-1	-1	1	-1	1	-1	1	1	-1	1	-1	-1	-1	1	-1	1	-1	-1	1	-1	-1	-1	-1	1	0	-1	1	-1	1	1	-1	-1	-1	-1	-1	-1	-1	-1	1	1	-1	-1	1	1	0	1	1	-1	-1	1	1	-1	-1	-1	-1	1	-1	-1	1	1	-1	-1	-1	1	-1	-1	0	1	1	-1	-1	1	0	1	1	-1	0	-1	-1	1	1	0	-1	1	-1	1	-1	-1	-1	-1	-1	-1	-1	1	1	1	1	1	-1	1	-1	-1	-1	0	-1	-1	-1	0	1	-1	1	1	1	1	-1	-1	-1	1	1	1	1	-1	-1	1	1	1	1	1	1	1	1	-1	1	1	1	-1	1	1	1	1	1	-1	1	1	1	1	-1	1	1	1	0	-1	1	1	1	1	-1	0	0	1	1	-1	1	-1	1	1	-1	1	1	1	1	1	1	1	1	1	1	1	1	1	1	1	1	1	1	1	1	1	1	1	1	1	1	-1	1	1	1	1	-1	1	1	1	-1	1	1	1	1	1	0	-1	1	1	1	1	1	1	1	0	1	1	1	1	1	1	0	1	0	-1	1	1	1	1	1	1	1	1	1	1	-1	1	1	1	1	1	1	-1	1	1	1	1	1	-1	1	1	1	1	0	1	1	-1	1	1	1	1	-1	1	1	1	1	1	1	-1	1	1	0	1	1	1	1	0	1	1	-1	1	1	-1	1	1	1	1	1	1	1	1	1	1	1	1	0	1	1	0	1	-1	0	1	0	1	1	-1	1	-1	1	1	1	1	1	1	1	0	1	1	1	1	1	1	1	0	1	-1	1	0	1	1	1	1	1
11	1018899	0	0	0	1	1	-1	-1	1	1	-1	1	0	-1	0	1	1	-1	1	0	1	1	0	1	1	1	1	1	1	-1	1	1	0	-1	1	1	1	0	0	0	-1	1	-1	1	1	-1	1	0	1	-1	-1	0	1	0	0	0	1	-1	0	0	1	0	1	1	1	1	1	-1	1	0	1	1	0	1	1	1	0	-1	-1	0	1	-1	1	1	1	1	0	-1	1	0	1	0	1	0	1	1	1	1	0	0	0	-1	1	1	-1	0	0	0	0	-1	1	1	1	1	1	1	-1	1	-1	1	-1	1	-1	1	-1	-1	0	0	1	1	1	0	0	0	0	0	0	1	0	1	1	0	1	0	0	1	-1	1	1	0	-1	1	1	1	1	1	1	1	0	1	1	0	1	0	0	0	1	1	0	0	1	1	1	1	-1	0	1	-1	1	-1	1	1	1	1	1	1	1	1	1	1	0	1	1	-1	-1	0	1	0	0	1	1	1	1	0	0	1	1	1	1	1	1	1	0	0	0	1	1	1	-1	0	1	0	1	1	1	1	1	0	0	0	-1	1	1	1	1	1	1	1	0	0	0	1	0	1	0	1	0	0	0	1	1	1	-1	0	0	1	0	0	0	0	0	0	0	0	0	0	0	1	0	1	-1	1	1	0	-1	1	1	0	1	1	1	1	0	0	1	1	0	1	1	0	1	0	1	1	1	1	0	1	1	0	0	0	0	1	1	1	1	1	1	1	0	-1	1	1	0	1	1	0	1	0	0	1	1	0	0	0	0	1	0	0	0	-1	0	0	1	1	1	0	0	0	1	0	1	0	1	0	1	0	0	1	-1	1	1	1	1	1	1	1	1	0	1	1	1	1	1	0	1	0	0	1	0	0	0	0	0	0	0	0	0	0	1	1	1	0	-1	0	1	1	0	0	1	1	1	1	1	1	-1	0	0	1	-1	0	0	0	1	1	0	0	1	1	1	1	1	1	1	1	1	0	0	1	1	0	0	0	0	0
11	1020397	0	0	0	1	-1	1	0	0	1	-1	1	1	-1	0	-1	1	-1	0	1	0	-1	1	1	1	1	1	1	1	-1	0	1	0	1	0	1	1	1	1	0	-1	1	1	1	1	-1	-1	0	0	1	-1	-1	1	-1	-1	-1	-1	0	0	-1	1	1	1	-1	1	1	-1	1	0	0	1	1	1	0	0	-1	-1	-1	0	-1	-1	0	-1	-1	1	0	0	-1	-1	-1	-1	0	-1	-1	-1	1	1	1	-1	-1	-1	-1	-1	1	-1	0	0	1	-1	-1	-1	1	-1	-1	-1	-1	-1	0	0	-1	-1	-1	-1	1	-1	-1	-1	-1	-1	-1	0	1	1	-1	-1	-1	-1	-1	1	-1	-1	-1	-1	1	1	1	0	-1	-1	-1	-1	0	0	1	1	0	1	-1	-1	-1	1	-1	-1	-1	-1	-1	-1	-1	-1	-1	0	-1	-1	-1	-1	-1	-1	-1	-1	-1	-1	-1	-1	-1	-1	-1	-1	-1	-1	-1	-1	-1	-1	-1	-1	-1	-1	-1	-1	-1	-1	-1	-1	-1	-1	-1	-1	-1	-1	-1	-1	-1	-1	0	1	1	1	1	0	0	-1	1	0	1	-1	-1	1	0	0	-1	-1	0	1	1	1	-1	1	-1	0	0	0	0	-1	0	0	-1	0	0	1	1	-1	0	-1	0	0	1	0	-1	0	0	0	0	0	0	0	0	0	1	-1	1	-1	1	0	0	0	1	1	1	0	0	1	0	1	1	0	0	0	-1	0	0	1	-1	0	1	0	1	1	0	1	1	1	1	1	-1	0	1	0	1	1	0	0	0	1	0	-1	0	-1	-1	1	0	1	0	0	0	-1	0	0	-1	1	1	-1	1	1	1	-1	1	1	1	1	1	1	0	0	1	0	1	0	1	0	1	-1	1	1	-1	0	0	0	0	1	0	0	-1	1	0	0	1	-1	0	-1	1	0	-1	-1	0	0	1	0	-1	-1	0	0	0	0	0	-1	1	0	1	1	0	1	0	-1	1	0	1	0	-1	-1	1	-1	1	1	1	1	1	1	1	-1	1	-1	1	1	0	0	-1	1	1	-1	0	0	0	-1	-1	-1	1
11	1294107	0	-1	0	-1	-1	-1	-1	1	-1	-1	-1	-1	-1	-1	1	1	-1	0	1	1	-1	1	-1	-1	1	1	1	1	1	-1	1	-1	-1	-1	-1	-1	-1	1	1	0	-1	1	-1	1	-1	-1	-1	-1	1	-1	0	1	0	0	0	1	-1	1	-1	1	0	1	-1	1	1	0	-1	0	1	1	0	1	1	1	-1	0	1	1	1	-1	0	-1	1	1	0	1	-1	-1	1	-1	-1	1	1	-1	1	1	1	1	1	1	1	0	-1	1	1	1	1	-1	1	1	1	1	1	1	-1	-1	0	0	-1	-1	-1	-1	1	-1	1	-1	1	-1	1	-1	1	1	-1	1	1	1	-1	1	1	1	-1	1	-1	-1	-1	1	1	-1	-1	-1	1	1	-1	1	-1	-1	-1	0	1	1	1	-1	1	-1	-1	-1	-1	0	1	1	1	-1	1	1	1	1	1	1	1	1	-1	1	-1	1	1	-1	1	1	1	1	1	1	1	0	1	1	1	1	1	1	1	1	1	-1	1	-1	1	1	-1	-1	1	1	1	0	1	1	1	1	0	-1	1	1	1	-1	1	0	1	1	1	-1	1	0	1	1	-1	1	0	1	1	-1	1	1	-1	0	1	0	-1	0	1	1	0	-1	0	0	-1	0	0	0	0	0	0	0	0	0	0	0	-1	1	1	1	1	1	1	1	1	1	1	0	1	1	1	1	1	1	1	0	1	1	1	1	-1	1	1	1	1	1	-1	-1	0	0	0	0	1	0	1	0	1	1	0	0	0	0	1	1	1	1	1	1	1	1	0	-1	1	1	1	1	1	1	1	1	0	1	1	1	1	1	1	1	0	-1	1	1	0	1	1	1	1	1	1	1	1	1	1	0	1	0	1	0	1	1	1	0	-1	0	1	1	1	1	1	-1	1	1	1	0	1	1	1	1	1	1	1	1	1	0	1	1	1	1	1	1	1	1	1	1	1	1	1	1	-1	1	1	1	1	1	1	1	1	-1	1	1	1	1	1	1	1	1	1	-1	1	1	1	1	1	1	1
11	1802201	1	1	1	1	-1	1	-1	1	-1	1	-1	-1	1	1	0	1	0	1	1	1	1	1	1	1	1	1	1	1	1	1	1	1	1	1	1	1	1	1	1	1	1	-1	1	1	1	1	1	1	1	1	1	1	1	1	1	1	1	1	-1	1	1	1	-1	1	1	1	-1	1	1	1	-1	1	1	1	1	1	1	1	1	1	1	1	1	1	1	1	1	1	1	-1	1	1	1	0	1	1	1	1	1	1	1	1	-1	1	1	1	1	1	1	1	1	1	1	1	-1	1	1	1	1	1	-1	-1	1	1	1	1	1	1	1	-1	1	1	1	1	1	-1	1	1	1	1	1	1	-1	1	1	1	1	1	1	1	-1	1	1	-1	0	1	1	1	1	1	-1	1	1	1	1	0	1	1	1	1	-1	1	1	1	0	1	1	1	-1	1	1	1	-1	1	1	1	1	1	1	1	1	1	1	-1	1	1	1	1	1	1	1	1	1	1	0	1	1	1	1	1	1	1	1	1	0	0	0	1	1	-1	1	1	1	-1	1	1	1	1	1	1	1	1	1	0	-1	1	1	1	1	1	1	1	1	1	1	1	-1	1	1	-1	1	1	1	1	-1	1	1	1	1	1	1	1	1	1	1	1	0	1	1	1	1	1	1	-1	1	1	1	1	1	1	1	-1	1	1	1	1	1	1	1	0	1	1	1	1	1	1	1	1	1	1	1	1	1	1	1	0	1	1	1	1	1	0	1	1	-1	1	1	1	1	1	1	1	1	1	1	1	1	1	1	1	1	1	1	1	1	1	1	1	0	-1	1	1	1	1	1	0	1	1	-1	1	1	1	0	1	1	0	1	1	1	1	0	0	1	-1	1	1	1	1	1	1	1	1	1	1	1	-1	1	-1	1	1	1	1	0	1	1	1	1	1	1	1	1	1	1	1	1	1	0	1	-1	1	1	1	1	1	1	1	1	-1	1	1	1	1	1	1	1	0	1	-1	1	1	1	1	1	1	1
11	1815412	0	0	0	0	1	1	1	1	1	0	1	0	1	0	-1	0	0	1	1	1	-1	0	1	1	0	1	1	1	1	0	0	0	1	0	0	0	0	1	0	1	0	1	0	1	1	1	0	-1	1	-1	-1	1	-1	1	0	-1	0	0	1	-1	0	0	1	-1	0	1	1	0	0	1	0	0	1	1	1	1	0	0	0	-1	0	0	1	0	1	0	0	0	0	0	0	0	0	1	1	1	-1	-1	-1	-1	0	-1	1	0	-1	0	0	0	0	0	0	1	1	1	0	1	0	0	0	-1	1	1	0	-1	-1	0	1	0	-1	0	1	1	-1	1	1	-1	1	1	-1	0	1	0	1	1	1	0	1	1	0	-1	0	0	1	1	0	-1	-1	0	-1	0	1	-1	1	0	-1	-1	0	1	0	-1	1	-1	0	0	-1	0	-1	0	-1	1	1	1	0	0	0	0	-1	-1	1	1	-1	0	0	0	1	1	-1	1	-1	0	-1	0	1	1	0	1	1	1	0	1	-1	1	0	1	0	0	0	0	1	-1	0	1	1	1	0	0	1	1	1	1	1	0	1	0	0	1	0	1	0	0	1	1	0	0	1	0	0	0	0	0	1	1	0	0	-1	0	0	0	0	0	0	0	0	0	0	0	-1	1	0	1	0	1	0	1	0	0	0	1	1	-1	1	1	0	1	-1	1	1	1	0	0	0	0	0	1	0	1	1	0	1	1	1	1	-1	1	1	0	0	0	0	1	1	0	0	0	1	1	1	0	0	0	0	0	1	1	1	1	1	1	1	1	1	1	1	0	0	0	1	0	0	0	0	0	0	0	0	1	0	1	-1	-1	0	0	-1	1	1	0	1	0	0	1	1	0	0	1	0	-1	1	0	-1	0	-1	-1	1	-1	-1	1	1	1	1	0	0	0	1	0	0	1	0	0	1	1	0	1	1	0	1	0	-1	1	1	1	1	1	1	0	0	1	1	1	0	0	1	0	1	1	1	0	1	1	1	0	0	1	1	1	1
11	1935031	1	1	1	1	-1	-1	1	-1	1	-1	-1	1	-1	-1	1	1	-1	1	1	1	1	-1	-1	-1	1	1	1	1	1	0	1	1	-1	0	1	-1	-1	1	1	1	1	-1	1	1	-1	-1	-1	1	1	-1	1	1	1	1	1	1	1	1	1	1	1	1	1	1	1	1	1	1	1	1	1	1	1	1	1	1	1	1	1	-1	1	-1	1	1	1	1	1	1	1	-1	1	1	1	-1	1	1	-1	1	1	1	1	1	-1	1	1	1	1	-1	1	1	1	1	1	1	1	-1	1	1	1	-1	-1	-1	1	-1	-1	1	1	1	1	-1	1	1	1	1	1	1	1	1	1	1	-1	1	-1	1	-1	1	-1	1	1	1	1	1	1	1	1	-1	1	1	1	1	-1	1	1	1	1	1	-1	1	1	1	1	-1	1	1	1	1	1	1	1	1	1	1	0	1	1	1	1	1	-1	1	1	1	1	1	1	1	0	1	1	1	1	1	1	1	1	1	1	1	1	-1	1	1	1	1	1	1	1	1	1	-1	1	1	1	-1	1	1	1	1	1	-1	1	1	1	1	1	1	1	1	1	1	1	1	1	1	1	1	-1	1	1	1	1	-1	1	1	-1	1	1	1	1	1	1	1	1	1	1	1	-1	1	1	1	1	1	1	1	1	1	1	1	1	1	1	1	1	1	1	1	1	1	1	1	1	1	1	1	1	1	1	-1	1	1	1	1	-1	0	1	1	1	1	1	1	1	1	1	1	1	1	1	1	1	1	1	1	1	1	1	1	1	1	1	1	1	1	1	1	1	1	1	0	1	-1	1	1	1	1	1	1	1	1	1	1	1	1	1	1	1	1	1	1	1	1	1	1	-1	1	1	-1	1	1	1	1	-1	1	1	-1	1	1	1	1	1	1	1	1	1	1	1	1	1	1	1	1	1	1	1	1	1	1	1	1	1	1	1	1	1	1	1	1	1	-1	1	1	1	1	1	1	1	1	-1	1	1	1	1	1	1	1	1
11	1935227	1	-1	0	0	0	0	0	0	1	-1	-1	1	-1	-1	-1	0	-1	0	1	0	-1	-1	-1	-1	1	0	0	0	-1	1	0	0	-1	1	0	0	-1	1	0	-1	0	-1	0	0	-1	-1	0	0	1	-1	-1	0	-1	-1	-1	-1	1	-1	-1	0	0	0	-1	0	0	-1	0	0	0	0	0	0	0	-1	-1	-1	0	0	-1	-1	-1	-1	-1	0	0	-1	-1	-1	-1	-1	-1	-1	-1	-1	0	0	0	-1	-1	-1	1	-1	0	0	-1	0	0	0	-1	-1	-1	-1	-1	-1	-1	0	0	0	-1	-1	-1	-1	0	-1	-1	-1	-1	-1	-1	-1	0	0	-1	-1	-1	-1	-1	0	-1	-1	-1	-1	-1	0	0	0	-1	-1	-1	-1	1	0	0	0	0	-1	-1	-1	-1	0	-1	-1	-1	-1	-1	-1	-1	-1	-1	0	0	-1	-1	-1	-1	-1	-1	-1	-1	-1	-1	-1	-1	-1	-1	-1	-1	-1	-1	-1	-1	-1	-1	-1	-1	-1	-1	-1	-1	-1	-1	-1	-1	-1	-1	-1	-1	-1	-1	-1	-1	-1	0	1	0	0	-1	-1	0	-1	1	0	1	-1	0	-1	0	0	-1	-1	0	0	0	0	-1	1	-1	0	0	1	0	-1	0	0	-1	0	1	0	0	0	0	0	-1	0	0	0	-1	0	0	0	0	0	-1	0	-1	0	0	0	0	-1	-1	0	1	0	0	0	0	0	0	0	0	0	0	-1	-1	0	-1	-1	0	0	-1	0	0	0	0	1	0	-1	0	0	-1	-1	-1	1	0	0	0	0	-1	0	0	0	0	-1	0	-1	0	0	-1	0	0	-1	0	-1	0	0	-1	0	0	-1	0	0	0	-1	-1	-1	1	1	0	0	0	1	0	0	0	0	-1	-1	0	0	0	-1	-1	0	0	-1	0	0	0	-1	-1	0	-1	-1	-1	-1	0	-1	-1	-1	-1	-1	-1	-1	-1	-1	-1	-1	1	0	-1	-1	-1	-1	0	0	-1	0	0	0	1	0	0	1	-1	-1	-1	-1	0	-1	0	-1	0	0	-1	0	0	-1	0	-1	0	0	0	0	-1	1	-1	-1	0	0	0	-1	-1	-1	-1
12	857245	1	1	1	1	1	-1	1	1	-1	1	1	-1	1	0	0	1	1	1	1	1	1	0	1	-1	1	1	1	1	1	1	1	-1	-1	0	1	1	1	1	0	1	1	1	1	1	1	1	1	1	1	-1	1	1	1	1	1	1	1	1	1	1	1	1	-1	1	1	1	1	1	0	1	1	1	-1	-1	0	-1	0	1	1	-1	-1	-1	1	1	0	1	0	1	0	1	-1	1	-1	1	1	-1	1	1	0	0	1	0	1	1	1	1	0	0	0	1	1	1	1	1	1	-1	1	1	1	0	1	1	1	-1	1	0	0	-1	1	1	0	0	0	0	0	0	1	1	1	1	1	1	0	0	0	1	1	1	1	-1	1	0	1	1	1	1	0	1	1	1	1	0	1	0	0	1	0	1	0	-1	1	1	1	1	-1	0	1	1	0	0	1	1	1	1	1	0	1	1	-1	1	1	1	-1	1	1	1	0	-1	1	1	1	1	1	0	1	1	1	1	1	1	-1	1	0	1	0	0	0	1	1	0	0	1	1	1	-1	1	1	1	1	0	1	1	1	0	1	1	1	1	1	-1	1	-1	-1	1	-1	0	0	1	1	1	0	1	1	1	-1	1	1	1	1	1	1	1	1	1	1	1	1	1	1	1	-1	0	1	-1	1	1	0	0	1	1	0	-1	0	-1	1	1	1	0	0	1	-1	0	1	0	1	1	0	1	0	0	0	0	0	0	1	1	1	1	0	0	0	1	1	1	0	1	-1	1	1	1	0	1	0	0	0	0	0	0	0	0	1	1	1	1	1	1	1	0	1	1	1	1	1	0	0	0	0	0	1	-1	1	1	0	0	1	1	0	1	1	0	-1	1	-1	1	1	1	0	1	1	1	1	-1	1	1	-1	1	-1	1	1	1	1	1	1	1	1	0	1	1	0	1	1	1	1	1	1	1	0	1	1	1	1	1	1	1	1	1	1	0	1	1	1	1	0	0	0	1	-1	-1	0	0	0	1	1	1	1
12	858501	0	-1	1	1	1	-1	-1	0	-1	0	0	-1	1	1	1	1	0	0	1	1	1	0	1	-1	1	1	-1	1	1	1	1	1	-1	1	0	-1	1	-1	1	0	1	-1	1	1	1	1	1	-1	1	0	1	1	1	1	1	1	1	1	1	1	1	1	1	1	1	1	1	1	0	-1	-1	1	1	1	-1	1	-1	0	0	1	1	-1	-1	1	1	0	-1	1	0	1	0	0	0	-1	1	1	1	1	1	1	0	1	0	1	1	1	1	-1	-1	1	-1	0	0	0	1	-1	1	1	1	1	1	1	1	-1	1	1	1	1	1	1	1	-1	1	1	1	0	1	1	1	1	0	1	-1	1	1	1	0	0	1	1	-1	1	1	1	1	0	1	1	1	1	1	1	0	1	-1	1	1	1	0	1	-1	1	-1	1	1	1	1	1	1	1	1	1	1	1	0	1	1	1	1	0	1	1	1	1	1	1	0	-1	1	1	1	1	1	1	1	1	1	1	1	1	-1	1	1	0	1	1	1	-1	1	-1	0	1	0	-1	1	-1	1	1	1	1	1	1	0	1	-1	0	1	1	0	1	1	1	1	1	-1	1	1	1	1	1	1	1	1	1	1	1	1	1	1	1	1	1	1	1	1	1	-1	1	1	1	1	1	1	1	1	1	0	1	1	1	1	-1	1	1	1	1	1	1	1	1	-1	1	1	1	1	1	1	1	1	1	1	-1	1	1	1	1	1	1	1	1	1	1	1	1	1	0	1	1	1	1	1	0	1	1	1	1	1	1	1	1	1	1	1	1	1	1	1	0	1	1	0	1	1	1	1	1	1	1	1	1	1	1	1	1	1	1	1	1	0	1	-1	1	-1	1	1	1	1	1	1	1	-1	1	0	1	1	0	-1	0	0	0	0	0	1	1	1	1	1	0	1	1	1	1	1	1	1	1	1	-1	1	0	1	1	1	1	1	1	1	0	1	1	-1	1	1	1	1	1	0	1	1	1	1	1	1	-1	1
12	1663492	1	1	1	1	0	0	0	1	-1	-1	1	-1	-1	-1	-1	0	0	1	1	0	-1	1	-1	-1	1	1	-1	1	-1	0	0	0	1	1	1	-1	-1	1	1	1	0	1	0	0	-1	-1	1	0	1	-1	-1	1	-1	-1	-1	-1	1	1	-1	-1	1	1	-1	0	1	-1	-1	0	0	0	0	0	0	1	-1	-1	1	1	-1	-1	-1	-1	-1	1	0	1	-1	-1	-1	0	-1	-1	-1	-1	0	1	0	-1	-1	-1	1	-1	-1	1	1	1	-1	0	-1	-1	0	-1	-1	-1	-1	-1	1	1	-1	-1	-1	0	0	-1	-1	-1	-1	-1	-1	-1	0	0	-1	-1	-1	-1	-1	1	-1	-1	-1	-1	1	1	0	-1	-1	-1	-1	-1	0	0	0	0	0	-1	-1	-1	-1	0	-1	-1	-1	-1	-1	-1	-1	-1	-1	0	1	-1	-1	-1	-1	-1	-1	-1	-1	-1	-1	-1	-1	-1	-1	-1	-1	-1	-1	-1	-1	-1	-1	-1	-1	-1	-1	-1	-1	-1	-1	-1	-1	-1	-1	-1	-1	-1	-1	-1	-1	-1	1	1	0	0	0	1	1	1	1	1	1	-1	0	-1	1	1	-1	-1	1	1	1	1	-1	1	-1	1	1	1	1	-1	1	1	1	0	0	0	0	1	0	-1	-1	1	0	1	-1	1	1	1	1	1	1	1	1	1	1	1	1	-1	1	1	1	1	0	1	0	-1	1	0	1	1	1	-1	-1	1	-1	-1	1	1	-1	0	0	0	1	1	0	1	1	1	-1	-1	-1	1	0	0	0	0	1	1	1	0	1	-1	1	0	1	0	1	1	1	0	0	-1	0	0	-1	0	0	-1	-1	1	1	-1	-1	0	1	1	1	0	1	0	0	1	1	1	-1	-1	-1	-1	0	-1	-1	0	0	0	1	1	1	-1	-1	0	1	-1	-1	-1	-1	1	-1	1	-1	-1	1	-1	1	1	-1	-1	-1	1	1	1	1	1	1	1	-1	1	1	-1	1	-1	0	1	0	-1	-1	-1	-1	-1	0	0	0	0	0	0	0	-1	1	1	-1	0	1	1	-1	0	-1	-1	1	1	0	-1	-1	1	1
12	1667593	1	1	0	-1	1	-1	-1	-1	-1	1	-1	-1	0	-1	0	1	-1	0	-1	0	0	0	-1	-1	0	1	0	1	-1	0	1	1	-1	1	-1	0	1	-1	0	0	1	-1	-1	-1	-1	1	0	-1	-1	1	0	0	0	0	0	0	-1	0	0	-1	0	0	0	1	0	0	0	0	0	-1	-1	1	0	-1	0	-1	0	0	0	1	0	-1	-1	0	0	1	-1	1	0	-1	0	-1	0	-1	-1	-1	1	0	0	0	-1	1	0	-1	1	-1	-1	-1	1	0	-1	-1	1	1	0	-1	0	-1	0	1	-1	0	-1	-1	0	1	1	1	-1	-1	0	0	-1	0	0	-1	0	0	0	0	1	-1	-1	0	-1	0	-1	-1	0	0	-1	-1	1	0	0	0	1	-1	0	1	0	1	1	0	0	0	0	0	0	0	1	1	0	1	1	0	1	0	-1	-1	1	0	1	-1	0	0	1	1	-1	-1	0	0	0	-1	0	-1	1	0	1	1	1	1	-1	0	0	-1	1	1	1	1	1	0	0	0	0	0	0	1	0	-1	0	0	1	0	1	-1	0	0	0	0	0	0	0	0	0	1	-1	1	0	1	0	0	0	0	0	1	1	1	1	0	0	0	0	0	-1	0	-1	0	0	0	0	0	0	0	0	0	-1	-1	0	0	0	1	1	1	1	0	0	0	-1	1	1	-1	0	-1	0	0	0	0	0	0	0	0	1	0	0	0	0	-1	0	0	0	-1	-1	0	1	0	1	0	1	0	0	1	0	-1	1	1	0	0	0	0	0	1	1	1	1	1	1	-1	0	0	0	0	0	0	0	0	0	1	1	1	1	1	0	0	0	1	-1	-1	0	0	1	-1	-1	0	0	0	1	0	0	-1	1	0	-1	0	0	0	1	1	1	0	-1	-1	0	0	0	0	1	0	1	0	0	0	0	1	1	1	0	0	0	0	1	0	0	1	1	-1	0	0	-1	0	0	0	0	1	1	0	0	1	1	1	1	1	1	1	1	0	0	-1	1	-1	1	0	0	0	0
12	1934745	1	1	0	1	-1	-1	0	1	-1	1	-1	-1	1	-1	0	0	1	0	0	1	-1	0	1	-1	1	1	0	1	-1	0	1	-1	1	1	0	-1	1	1	0	-1	-1	-1	-1	1	-1	0	-1	0	1	1	0	1	0	0	0	0	-1	0	0	-1	1	0	0	0	0	0	-1	0	-1	0	-1	0	0	-1	0	-1	1	-1	0	-1	1	0	0	0	0	1	1	0	1	1	1	0	1	-1	0	-1	1	0	1	1	1	1	-1	0	0	0	0	-1	-1	0	-1	0	-1	0	0	-1	1	0	-1	-1	-1	-1	0	1	-1	0	0	0	1	-1	1	1	-1	-1	1	1	0	0	0	0	1	-1	-1	0	-1	-1	0	0	1	1	-1	0	-1	-1	1	1	1	1	0	1	-1	1	0	1	1	-1	0	0	0	0	-1	0	0	-1	0	0	1	0	0	-1	0	0	-1	1	0	1	-1	0	0	0	0	0	0	-1	0	1	1	-1	1	1	1	1	-1	1	1	0	0	0	0	0	1	0	0	1	0	0	0	1	0	0	0	1	0	-1	0	1	1	1	1	-1	1	0	0	0	0	0	1	0	0	-1	-1	0	1	0	0	1	1	0	0	-1	0	-1	0	0	-1	0	0	0	0	0	0	0	0	0	0	0	0	-1	0	1	0	0	0	0	0	0	1	0	0	0	0	0	1	-1	0	1	-1	0	0	1	0	0	1	0	0	1	0	-1	1	1	1	1	0	0	0	1	1	0	1	1	0	0	1	0	0	0	0	0	0	1	1	0	0	0	0	0	0	1	1	1	1	0	0	0	0	0	0	1	0	0	0	1	1	1	0	0	1	0	0	0	0	0	0	0	-1	0	0	1	1	0	-1	1	1	0	1	-1	0	-1	0	0	-1	-1	-1	0	1	0	0	0	0	0	0	0	0	0	0	0	0	1	0	0	1	0	0	1	0	1	0	0	0	0	0	0	0	1	1	0	0	-1	1	1	1	-1	0	0	-1	0	0	-1	0	0	0	0	0	0	0
13	159086	1	-1	1	1	-1	-1	-1	-1	1	1	-1	1	0	-1	1	-1	-1	0	1	1	-1	1	0	1	0	1	0	1	0	1	1	1	1	1	1	1	-1	1	0	0	1	1	1	0	-1	0	-1	1	1	-1	1	-1	1	-1	0	1	0	0	1	-1	0	0	1	-1	0	0	-1	0	1	1	-1	1	1	1	1	-1	-1	0	0	-1	1	-1	1	1	1	-1	-1	0	1	1	-1	1	1	1	0	-1	1	0	-1	1	1	-1	-1	1	-1	0	-1	0	1	1	-1	1	1	1	0	0	1	1	1	-1	-1	-1	0	1	1	-1	1	1	-1	-1	1	1	-1	-1	1	1	1	1	0	0	1	1	-1	1	-1	1	0	0	0	0	-1	1	-1	1	1	1	1	-1	-1	1	-1	1	0	1	1	-1	1	0	1	1	-1	0	0	1	1	0	1	1	-1	1	1	-1	1	-1	1	-1	-1	1	1	0	-1	-1	1	-1	1	0	0	-1	1	1	1	1	-1	1	1	-1	0	1	-1	0	1	1	-1	0	1	1	1	1	0	1	1	0	0	0	1	1	1	1	1	-1	0	0	-1	0	1	0	1	1	0	-1	0	-1	-1	1	1	1	-1	1	-1	-1	1	1	1	1	-1	1	1	1	1	1	0	1	0	0	0	1	1	0	1	0	1	1	0	1	0	0	1	1	-1	0	1	1	0	1	1	1	0	1	0	0	0	1	0	0	1	1	1	1	1	1	1	1	1	1	1	1	1	1	1	1	-1	0	0	-1	1	1	1	0	-1	1	0	1	1	1	1	1	1	1	1	1	1	1	1	0	0	-1	1	0	1	-1	1	0	0	1	1	1	1	-1	1	0	1	-1	-1	1	1	0	1	1	1	1	0	1	0	1	1	0	0	1	1	0	1	1	0	0	1	1	-1	-1	0	1	1	1	0	0	1	0	1	0	0	0	1	0	0	1	0	-1	0	1	1	0	1	1	1	1	1	1	1	1	1	1	0	1	0	1	1	0	-1	1	0	1	1	1	1	1	1
13	388365	0	0	0	-1	-1	-1	-1	0	-1	0	-1	-1	-1	-1	0	0	-1	0	1	1	1	-1	-1	-1	0	-1	-1	-1	-1	-1	0	1	-1	0	-1	-1	-1	1	1	1	-1	-1	-1	-1	1	1	-1	-1	0	0	0	1	0	-1	0	0	-1	0	1	0	0	0	-1	0	0	1	-1	-1	-1	-1	-1	1	-1	0	0	-1	-1	1	1	0	0	0	-1	0	-1	0	0	1	0	-1	0	0	0	-1	0	-1	-1	0	0	0	-1	0	-1	-1	0	0	-1	-1	-1	0	-1	0	0	0	0	-1	0	0	0	-1	-1	-1	-1	-1	0	0	1	0	0	-1	0	0	0	0	0	-1	1	1	0	0	0	1	-1	0	0	0	0	0	-1	0	-1	0	0	-1	0	-1	-1	0	0	0	0	0	0	1	1	0	1	1	0	0	0	0	0	0	0	0	0	0	0	0	0	0	0	0	0	0	0	0	0	0	0	0	-1	0	1	-1	0	0	0	0	0	0	1	0	0	1	0	0	-1	1	0	1	1	0	0	0	0	0	1	-1	0	1	0	1	0	0	1	1	-1	1	1	0	0	0	0	0	-1	1	0	0	1	0	0	0	0	0	-1	1	0	0	0	-1	0	0	-1	0	-1	0	0	0	0	0	0	0	0	0	-1	-1	0	1	0	0	0	-1	0	0	0	0	-1	0	0	-1	0	0	0	0	0	0	0	1	1	0	0	0	0	1	0	-1	0	0	0	-1	0	0	0	0	0	0	0	0	0	0	0	1	0	0	-1	0	0	0	0	0	1	1	1	1	0	0	0	0	0	1	1	0	0	0	1	0	0	-1	0	0	0	0	0	0	0	0	0	0	0	1	0	-1	-1	0	0	0	0	-1	0	0	-1	0	0	0	0	0	0	0	1	-1	0	-1	0	0	0	0	0	0	0	0	0	1	1	1	0	0	0	0	0	0	0	0	0	0	1	-1	0	0	0	0	0	0	0	0	0	-1	0	0	0	0	1	0	0	0	1	0	1	0	0	1	1	-1	1
13	1056452	1	1	1	0	1	1	1	1	1	1	1	-1	-1	1	-1	1	-1	1	1	1	0	-1	0	1	1	0	1	0	-1	1	0	1	1	1	1	-1	1	1	0	1	1	1	1	0	0	0	0	0	1	-1	-1	0	-1	-1	1	0	-1	0	-1	1	1	1	-1	1	1	-1	1	0	1	1	1	1	0	0	0	-1	-1	0	0	-1	1	1	-1	1	0	1	-1	1	-1	1	1	1	1	1	1	1	1	-1	-1	-1	1	-1	1	0	1	1	1	0	-1	1	1	-1	1	-1	-1	1	-1	-1	1	1	1	1	1	1	-1	1	1	-1	-1	-1	0	0	0	0	0	-1	0	1	-1	1	-1	-1	0	0	0	1	1	1	-1	-1	1	1	0	1	1	1	0	1	-1	1	0	-1	1	0	0	-1	-1	-1	1	0	1	1	1	0	-1	0	-1	1	-1	1	1	1	-1	1	0	1	-1	-1	-1	-1	-1	1	1	-1	-1	-1	-1	-1	-1	0	-1	0	0	0	1	-1	1	1	1	1	0	-1	0	1	1	1	1	1	1	1	1	1	1	0	1	-1	0	0	0	0	1	1	1	1	-1	1	0	1	1	1	0	0	0	1	1	0	-1	1	1	1	0	-1	1	1	-1	1	1	1	1	1	1	1	1	1	1	1	-1	1	1	1	-1	1	0	1	1	1	1	0	1	1	1	1	1	-1	1	1	-1	1	0	0	0	1	1	1	1	1	0	1	1	1	-1	1	1	0	1	1	0	1	1	1	1	1	0	1	-1	1	1	1	1	1	0	1	1	-1	1	1	-1	0	0	0	-1	1	1	1	1	1	1	1	1	1	1	1	1	1	1	-1	1	1	-1	1	1	1	1	0	1	1	1	1	0	-1	1	1	0	0	1	0	0	1	-1	1	1	1	1	1	1	0	1	0	1	1	1	1	1	1	1	1	1	1	0	0	1	1	0	1	-1	1	1	0	1	1	1	1	1	1	1	1	1	1	1	1	-1	1	1	1	1	0	-1	-1	1	1	1	-1	-1	1	1
13	1233218	1	1	0	1	1	-1	1	0	1	1	-1	1	-1	0	-1	1	1	0	0	1	-1	1	0	-1	1	1	-1	1	-1	1	0	1	1	1	0	-1	1	0	1	0	0	1	0	0	-1	-1	0	1	1	-1	-1	0	-1	-1	-1	-1	1	1	-1	0	1	1	-1	1	1	-1	0	1	1	1	1	1	1	1	-1	-1	-1	0	-1	-1	-1	-1	-1	1	1	1	-1	-1	-1	1	1	-1	-1	-1	1	1	0	-1	-1	-1	1	-1	1	0	1	1	1	-1	-1	-1	1	-1	-1	-1	-1	1	0	1	-1	-1	-1	1	1	1	-1	-1	-1	-1	-1	-1	1	1	-1	-1	-1	-1	-1	1	-1	-1	-1	-1	1	1	1	-1	1	-1	-1	-1	1	0	1	0	1	0	-1	-1	-1	0	-1	-1	-1	-1	-1	-1	-1	-1	-1	1	-1	-1	-1	-1	-1	-1	-1	-1	-1	-1	-1	-1	-1	-1	-1	-1	-1	-1	-1	-1	-1	-1	-1	-1	-1	-1	-1	-1	-1	-1	-1	-1	-1	-1	-1	-1	-1	-1	-1	-1	-1	-1	1	0	1	1	1	-1	1	0	1	0	1	-1	-1	-1	1	1	-1	-1	0	0	-1	0	-1	1	1	0	0	1	0	-1	1	0	-1	0	0	1	1	-1	1	-1	0	0	1	0	0	0	0	0	0	0	0	0	0	0	1	0	0	-1	-1	1	1	1	1	1	0	1	1	1	1	1	0	1	1	1	-1	1	0	0	-1	1	1	1	1	0	1	1	1	1	-1	-1	-1	1	1	1	0	1	1	1	1	1	1	0	1	1	-1	1	1	0	1	0	0	-1	0	0	-1	1	1	-1	1	1	1	1	1	-1	0	0	1	1	0	-1	0	1	1	1	1	-1	-1	-1	1	1	-1	1	1	1	1	0	0	-1	-1	1	0	-1	0	-1	1	1	-1	1	-1	-1	1	1	0	1	1	-1	1	1	1	1	1	1	1	1	1	1	1	1	0	-1	-1	0	-1	0	-1	-1	1	-1	1	1	1	0	0	1	1	-1	1	-1	-1	-1	1	1	-1	1	-1	-1	1	1	1	1	-1	-1	1
13	1419519	0	0	1	1	-1	-1	-1	1	1	0	1	0	0	1	-1	1	0	1	1	0	1	-1	0	-1	0	1	0	1	1	1	1	1	1	0	0	1	1	1	1	1	1	1	1	0	-1	1	1	1	1	1	1	0	1	1	1	1	1	1	1	1	1	0	1	0	1	1	-1	-1	1	-1	-1	1	1	1	1	1	1	-1	0	1	0	-1	1	1	1	0	1	1	1	1	0	1	-1	-1	0	0	1	0	1	1	1	1	-1	0	-1	0	1	1	-1	1	-1	1	1	1	1	-1	1	1	1	0	-1	1	0	-1	1	1	1	1	1	-1	1	1	-1	1	1	1	0	0	1	1	-1	1	-1	0	1	1	0	0	1	1	-1	1	1	1	1	0	1	0	1	1	1	1	1	1	1	-1	0	1	1	1	0	0	1	0	1	1	0	1	1	1	0	1	-1	1	1	1	1	1	0	1	1	1	1	1	0	1	1	0	0	-1	0	1	-1	1	1	1	0	1	1	0	-1	0	-1	1	0	0	0	-1	1	1	1	0	0	0	1	1	1	1	1	-1	0	1	0	0	1	0	1	0	0	-1	-1	1	1	1	0	1	1	1	-1	-1	1	-1	1	1	-1	1	1	1	1	1	1	1	1	1	1	1	-1	1	1	1	1	0	1	-1	1	0	1	1	1	-1	0	-1	0	1	1	0	1	1	1	0	0	1	1	0	1	1	1	-1	0	0	0	0	-1	0	0	1	1	-1	1	0	0	0	0	1	-1	1	1	0	1	0	1	1	1	1	1	1	1	1	1	1	1	0	0	1	1	1	1	1	0	1	0	0	0	0	0	0	1	0	1	1	0	0	0	1	1	0	0	1	1	0	-1	1	0	1	0	-1	1	0	1	1	-1	-1	0	1	0	1	0	1	-1	1	1	1	0	1	0	1	1	0	1	1	1	1	-1	1	-1	1	1	0	0	1	0	0	0	0	0	0	0	0	-1	-1	1	1	1	0	0	0	-1	-1	1	1	1	0	0	0	0
13	1466422	0	-1	1	0	1	1	-1	1	-1	-1	1	0	1	1	1	1	-1	1	1	1	1	0	1	1	1	0	1	0	1	1	1	1	-1	1	1	1	-1	1	1	1	1	-1	1	1	1	-1	1	1	1	0	1	1	1	1	1	1	1	0	-1	1	1	0	1	1	0	0	1	1	1	1	1	1	1	1	1	1	1	1	1	-1	1	-1	1	1	1	0	1	1	1	-1	1	0	0	1	1	1	1	1	-1	0	1	1	-1	1	1	1	-1	1	1	-1	-1	0	0	0	0	1	1	1	1	-1	-1	-1	1	1	1	1	1	1	0	1	1	1	-1	1	1	1	1	1	1	1	0	1	1	1	1	1	1	1	1	1	1	1	1	0	1	1	1	-1	1	1	1	1	1	1	1	1	1	1	1	1	1	1	0	0	1	1	1	0	1	1	1	0	1	1	0	1	1	1	-1	1	1	1	1	1	1	1	1	1	1	1	1	1	0	1	1	1	1	1	1	1	1	1	1	1	1	1	1	-1	1	1	0	1	1	1	1	0	1	1	1	-1	1	1	1	0	0	1	0	1	1	0	1	1	1	1	1	1	1	1	0	1	1	-1	1	1	-1	1	1	1	1	1	1	1	1	1	1	1	-1	-1	1	0	1	1	0	1	1	0	1	1	0	1	1	1	1	1	1	1	-1	1	1	1	1	0	1	1	1	1	1	0	1	1	1	1	1	1	1	1	1	1	1	0	0	1	1	1	1	0	1	1	0	1	1	1	1	1	1	1	1	1	1	1	1	1	1	1	1	-1	1	1	1	1	1	1	1	1	0	1	1	1	1	1	0	1	1	1	1	1	1	1	1	1	1	1	1	1	1	1	1	0	1	1	1	1	1	1	1	1	1	1	1	0	0	0	1	1	1	1	1	1	1	1	0	-1	-1	0	1	0	1	1	1	1	1	1	1	1	1	1	1	1	1	1	1	1	1	1	1	1	-1	-1	1	1	0	1	1	1	1
13	1867630	1	-1	1	-1	-1	-1	-1	-1	-1	-1	-1	-1	-1	-1	-1	-1	-1	-1	-1	-1	-1	-1	-1	-1	-1	-1	-1	-1	-1	-1	-1	-1	-1	-1	-1	-1	-1	-1	-1	-1	-1	-1	-1	-1	-1	-1	-1	-1	-1	-1	-1	-1	-1	-1	-1	-1	-1	-1	-1	-1	-1	-1	-1	-1	-1	-1	-1	-1	-1	-1	-1	-1	-1	-1	-1	-1	-1	-1	-1	-1	-1	-1	-1	-1	-1	-1	-1	-1	-1	-1	-1	-1	-1	-1	-1	-1	-1	-1	-1	-1	-1	-1	-1	-1	-1	-1	-1	-1	-1	-1	-1	-1	-1	-1	-1	-1	-1	-1	-1	-1	-1	-1	-1	-1	-1	-1	-1	-1	-1	-1	-1	-1	-1	-1	-1	-1	-1	-1	-1	-1	-1	-1	-1	-1	-1	-1	-1	-1	-1	-1	-1	-1	-1	-1	-1	-1	-1	-1	-1	-1	-1	-1	-1	-1	-1	-1	-1	-1	-1	-1	-1	-1	-1	-1	-1	-1	-1	-1	-1	-1	-1	-1	-1	-1	-1	-1	-1	-1	-1	-1	-1	-1	-1	-1	-1	-1	-1	-1	-1	-1	-1	-1	-1	-1	-1	-1	-1	-1	-1	-1	-1	-1	-1	0	1	1	1	-1	1	-1	0	0	0	-1	-1	-1	1	1	-1	-1	0	1	1	0	-1	0	-1	-1	1	-1	-1	-1	-1	1	-1	1	-1	1	-1	-1	1	-1	-1	1	-1	1	-1	1	1	1	1	1	1	1	-1	1	-1	1	1	-1	-1	0	0	-1	-1	-1	1	1	1	1	0	-1	1	1	-1	1	-1	-1	1	1	-1	1	-1	1	0	-1	-1	-1	1	1	1	-1	-1	1	1	0	0	1	-1	0	-1	1	1	-1	-1	-1	0	-1	-1	1	1	-1	1	-1	1	1	-1	-1	1	-1	-1	-1	1	-1	1	-1	0	0	1	-1	-1	1	1	1	0	-1	-1	-1	0	1	-1	-1	-1	-1	-1	-1	0	1	0	-1	-1	0	-1	-1	1	-1	1	-1	-1	1	-1	-1	0	-1	1	1	1	-1	1	1	1	1	1	-1	0	1	-1	0	1	-1	1	1	0	1	0	1	-1	-1	1	-1	1	1	1	1	1	1	1	-1	1	-1	-1	1	1	0	-1	0	-1	-1	1	-1	1	-1	-1	-1	1
13	2161975	0	-1	0	0	0	-1	-1	1	1	1	1	-1	0	1	1	1	-1	0	0	1	0	-1	0	-1	1	1	-1	1	0	1	0	1	-1	0	1	1	0	0	0	1	0	-1	0	0	-1	1	0	1	0	0	0	0	0	0	0	0	0	0	1	0	0	0	-1	0	1	-1	-1	1	0	0	-1	0	1	1	-1	0	1	1	1	1	0	0	-1	0	1	0	-1	-1	0	-1	1	1	-1	1	0	-1	0	0	0	-1	1	1	0	0	0	0	0	1	1	-1	0	-1	1	-1	0	0	1	1	1	-1	-1	0	1	1	-1	0	1	0	1	1	1	1	-1	1	1	0	0	1	0	0	-1	1	-1	0	1	-1	1	-1	0	0	-1	0	0	-1	1	0	-1	-1	-1	0	1	1	-1	0	1	-1	1	0	0	1	1	0	-1	0	0	-1	1	1	0	1	0	1	1	0	1	1	1	-1	-1	-1	-1	-1	1	0	-1	1	0	0	-1	1	-1	0	0	-1	0	1	0	1	1	0	1	1	0	1	1	1	1	1	0	0	1	1	1	1	0	1	0	0	0	-1	1	0	-1	1	1	1	1	0	0	0	1	0	1	0	1	1	1	0	1	-1	1	1	0	0	1	0	0	0	0	0	0	0	0	0	0	0	-1	0	1	0	1	1	0	-1	0	0	0	1	1	0	1	-1	1	1	1	1	1	1	1	1	1	0	1	1	0	-1	1	-1	1	1	1	-1	0	0	0	1	0	1	1	1	1	0	1	0	0	1	-1	1	1	1	1	1	1	1	1	1	-1	1	1	1	0	1	1	0	0	0	0	0	0	0	0	1	1	1	1	1	0	0	0	1	0	0	-1	1	0	1	1	1	0	1	0	1	-1	0	1	1	1	1	1	1	-1	1	1	-1	1	1	0	1	1	1	1	1	1	1	1	1	1	0	0	1	1	1	1	1	1	1	1	0	0	1	1	1	1	1	1	1	1	-1	1	1	0	1	1	1	1	1	1	-1	1	-1	1	1	1	-1	1
13	2573828	1	1	1	1	-1	-1	-1	-1	1	-1	-1	1	1	-1	1	1	-1	1	1	0	0	-1	1	-1	0	1	-1	1	1	-1	1	1	1	1	1	1	1	1	1	1	1	-1	1	1	-1	1	1	-1	1	-1	1	1	1	1	1	1	1	1	1	1	1	1	-1	1	1	1	0	1	1	-1	-1	1	1	1	0	-1	1	1	1	-1	1	-1	1	1	0	1	1	0	1	-1	1	1	1	-1	1	1	1	0	0	0	1	1	-1	-1	0	0	1	1	1	1	1	1	1	-1	1	-1	1	1	1	0	-1	-1	1	1	1	1	1	1	1	-1	1	1	1	1	1	1	-1	1	1	1	1	-1	-1	1	1	1	1	1	1	1	-1	1	1	0	1	1	1	-1	1	1	0	1	0	1	1	1	1	1	1	-1	1	0	-1	1	1	1	1	1	1	-1	1	1	1	1	1	1	1	1	1	0	1	1	1	1	1	1	1	1	1	1	1	1	1	0	1	1	1	1	1	1	1	1	1	1	1	1	1	1	1	-1	1	1	1	1	-1	1	0	0	0	0	1	1	-1	1	1	1	1	-1	1	1	1	0	1	1	1	0	0	1	1	1	0	0	1	1	-1	1	1	1	1	1	1	1	1	1	1	1	1	1	1	1	1	1	1	-1	1	1	1	1	1	1	1	-1	1	1	1	1	1	1	1	1	1	1	1	0	1	1	1	-1	0	0	0	0	1	1	1	1	1	1	1	1	1	1	0	1	-1	1	1	1	1	1	1	1	1	1	1	1	1	1	1	1	1	1	1	1	1	1	1	1	1	1	0	1	1	1	0	1	1	-1	1	-1	1	1	1	1	1	1	1	0	1	1	1	1	1	-1	1	0	1	0	1	1	1	-1	1	1	1	0	-1	0	0	1	1	1	1	0	1	1	1	1	0	1	1	1	1	1	1	1	1	1	1	1	1	1	1	1	1	1	1	1	1	1	1	1	1	1	1	1	1	1	1	-1	1	1	1	1	1
14	107014	1	1	1	0	-1	-1	-1	-1	-1	1	-1	-1	0	1	0	0	0	0	-1	0	0	-1	0	-1	1	1	1	1	1	-1	0	1	1	0	-1	-1	-1	1	1	-1	1	-1	1	0	-1	1	0	0	1	-1	-1	0	1	1	-1	1	1	1	0	-1	1	0	0	1	1	-1	-1	-1	1	-1	-1	0	-1	-1	0	-1	-1	0	0	1	-1	0	0	0	-1	1	-1	0	1	0	1	-1	1	1	-1	0	1	1	1	1	1	0	-1	0	1	1	-1	-1	-1	1	-1	1	1	1	1	-1	1	-1	-1	1	-1	1	1	-1	1	-1	0	1	1	-1	0	0	1	0	0	1	0	0	1	1	-1	1	-1	1	-1	-1	0	0	1	1	-1	0	0	-1	-1	1	0	0	-1	1	0	-1	0	1	1	0	0	0	1	0	0	0	-1	0	0	-1	0	0	1	0	0	0	0	1	0	1	1	1	0	0	1	1	-1	-1	0	-1	0	0	1	1	1	-1	0	1	0	1	0	-1	1	-1	-1	0	1	1	0	0	0	-1	0	0	1	0	1	0	0	0	1	1	1	-1	0	0	1	0	0	1	-1	0	1	1	0	0	-1	1	-1	0	-1	0	0	-1	0	0	1	1	-1	0	1	1	1	1	1	1	1	1	1	1	-1	-1	1	0	1	0	1	1	0	0	1	0	1	1	0	-1	1	-1	1	0	1	-1	0	0	0	0	1	1	0	0	0	-1	1	1	1	-1	0	0	0	0	0	0	1	0	-1	0	0	0	0	1	-1	1	0	0	0	1	0	0	0	0	0	0	0	0	0	0	0	1	1	1	-1	0	0	0	1	1	0	0	0	0	1	0	0	1	0	1	0	0	1	0	0	0	1	-1	-1	0	-1	0	0	0	0	0	1	0	1	0	0	-1	0	0	0	0	0	0	0	0	0	0	1	1	1	0	0	1	1	1	1	1	1	1	-1	0	-1	1	0	0	0	1	1	0	0	0	1	1	1	0	1	0	0	1	0	-1	1	-1	1	0	0	0	0
14	137622	0	-1	1	-1	1	1	-1	1	-1	1	0	0	-1	-1	0	-1	-1	0	-1	0	0	-1	0	1	-1	1	1	1	0	1	0	0	-1	1	-1	1	1	-1	0	1	-1	-1	-1	0	0	0	1	0	1	-1	-1	0	-1	-1	1	-1	-1	1	-1	1	1	0	-1	1	1	0	0	1	0	0	1	0	-1	-1	0	-1	-1	1	1	0	0	-1	0	1	0	0	-1	0	-1	1	0	0	-1	0	0	-1	0	0	0	0	-1	0	1	-1	-1	1	-1	-1	0	0	1	-1	1	-1	1	-1	1	1	1	-1	-1	1	1	0	-1	1	0	-1	0	-1	0	-1	-1	-1	0	0	0	1	-1	1	-1	1	0	0	0	1	-1	1	-1	-1	1	1	-1	0	1	1	0	0	0	0	-1	0	0	1	0	0	1	-1	1	0	1	-1	-1	0	0	0	-1	0	-1	0	0	0	1	0	0	-1	-1	-1	0	0	0	0	0	-1	-1	-1	0	1	0	0	0	0	-1	0	1	-1	0	0	1	0	-1	-1	0	0	0	0	0	-1	1	0	0	1	1	-1	1	1	0	0	0	0	1	0	1	1	0	1	1	0	1	0	1	0	0	1	1	1	1	0	0	1	0	-1	1	1	1	1	1	1	1	1	1	1	1	1	1	1	1	1	1	1	1	0	1	0	1	0	1	0	1	1	0	-1	1	0	-1	1	0	0	1	1	1	0	1	1	1	1	0	-1	1	1	-1	1	0	0	1	1	0	1	0	1	1	0	1	0	0	1	-1	1	0	1	0	0	0	0	0	0	0	0	0	0	0	1	1	1	1	1	0	0	0	-1	1	0	0	0	0	0	0	0	-1	0	0	0	0	0	-1	0	0	1	0	0	0	0	-1	0	1	1	1	0	1	0	1	1	0	-1	1	-1	0	0	0	0	0	0	0	1	0	1	0	0	1	0	0	0	0	0	0	0	1	0	1	0	1	1	1	0	0	1	1	0	0	0	0	1	1	0	0	0	-1	-1	1	0	1	-1	0	1	1
14	438592	1	1	1	-1	-1	-1	-1	1	-1	1	0	1	1	-1	1	1	1	1	1	1	1	-1	1	-1	1	1	1	1	1	-1	1	1	-1	1	1	-1	-1	-1	1	1	1	-1	-1	1	1	-1	1	-1	1	1	1	1	1	1	1	1	1	1	1	-1	1	1	1	1	1	1	-1	1	1	1	-1	1	1	1	1	-1	1	1	1	-1	1	1	-1	1	-1	1	1	-1	1	-1	1	1	1	-1	1	1	-1	1	-1	1	1	1	-1	1	-1	1	0	-1	1	1	1	0	0	0	0	-1	1	-1	-1	1	1	-1	1	-1	-1	1	1	1	1	-1	1	1	-1	1	1	-1	1	1	0	0	1	1	-1	1	1	1	-1	1	1	1	-1	1	0	-1	1	1	1	1	1	1	-1	1	1	1	1	1	1	1	1	1	1	-1	-1	1	1	1	-1	1	1	1	1	1	0	1	1	1	-1	1	1	1	-1	1	1	1	1	1	1	-1	1	1	-1	1	1	1	1	1	1	1	1	-1	-1	1	1	1	1	1	1	1	1	-1	1	1	1	-1	1	-1	1	1	1	-1	1	1	1	1	1	1	1	1	1	-1	1	1	1	1	1	1	-1	1	1	1	1	-1	1	1	-1	1	0	1	1	1	1	1	1	1	1	1	-1	1	1	1	1	1	1	1	1	1	1	1	1	1	1	1	1	1	1	1	1	1	1	1	-1	1	1	1	1	1	1	1	1	1	1	1	1	1	1	1	1	1	1	1	1	1	1	1	1	0	1	1	1	1	1	1	1	1	1	1	1	1	1	1	1	1	1	0	0	0	1	1	1	-1	1	1	1	1	1	1	1	1	1	1	1	1	1	1	1	1	1	1	1	1	1	1	1	1	1	-1	1	1	1	1	-1	1	1	-1	1	1	1	1	1	1	1	1	1	1	1	1	1	1	1	1	1	1	1	1	1	1	1	1	1	-1	1	1	1	1	1	1	1	1	1	1	1	1	1	1	1	1	0	1	1	1	1	1	1	1	1
14	1757603	1	1	1	0	1	0	-1	1	1	-1	1	-1	-1	1	1	0	1	1	1	1	1	-1	1	1	1	0	0	0	1	0	1	-1	1	1	1	1	1	1	1	-1	1	-1	1	1	1	-1	1	-1	1	-1	1	1	1	1	1	1	0	0	1	1	1	1	-1	1	1	1	-1	1	1	1	1	1	0	-1	1	0	1	1	1	-1	1	1	1	1	0	1	1	-1	1	-1	1	1	-1	1	1	1	1	1	0	0	1	1	0	1	0	0	1	1	1	1	1	1	1	1	1	1	1	1	1	-1	1	1	1	1	1	1	1	1	1	0	0	0	-1	0	0	1	1	1	1	1	0	0	1	1	1	-1	1	1	1	1	1	0	0	0	0	-1	1	0	1	1	1	0	1	1	1	0	-1	0	1	-1	1	1	0	1	0	1	1	1	1	0	1	0	1	1	1	1	1	1	1	1	1	1	1	1	1	0	1	1	1	1	1	1	1	1	1	1	1	1	1	1	1	1	1	0	1	1	1	1	0	-1	0	0	1	1	0	1	1	1	1	1	0	1	-1	1	-1	1	1	1	1	1	0	0	1	1	1	1	1	1	0	-1	0	-1	1	1	1	1	1	1	1	1	1	1	1	1	1	1	-1	1	1	1	1	0	0	1	0	1	1	0	-1	1	0	1	1	-1	-1	0	1	1	1	1	1	0	1	1	1	1	0	-1	1	1	1	1	0	0	1	0	1	1	1	1	1	1	0	1	0	1	1	1	0	1	1	1	1	1	1	1	0	0	0	0	1	1	1	1	1	1	1	1	1	0	1	1	0	0	0	0	1	0	0	1	0	0	1	0	1	1	0	1	0	0	0	1	0	0	1	-1	1	1	1	0	1	0	1	0	1	1	1	1	1	1	1	1	1	1	1	1	1	1	1	1	1	1	-1	1	0	1	1	-1	1	0	1	1	1	1	1	1	1	-1	1	1	1	1	1	0	0	1	-1	0	1	0	1	1	1	1	1
14	2164225	0	-1	1	1	1	-1	-1	0	1	-1	1	0	0	1	1	0	-1	0	0	1	0	0	-1	1	1	1	-1	1	1	-1	1	-1	1	0	0	1	1	1	-1	0	1	-1	1	0	0	1	1	1	1	-1	1	0	1	1	1	1	-1	1	1	1	1	0	1	1	1	1	0	0	1	-1	1	0	1	1	1	1	1	1	1	0	-1	1	1	0	1	0	1	1	0	0	-1	1	0	-1	1	1	-1	0	0	0	-1	1	-1	0	1	1	-1	1	-1	1	1	1	1	1	0	-1	1	1	1	1	1	-1	1	1	-1	1	1	1	1	1	1	1	-1	1	1	-1	0	1	0	0	0	1	-1	1	1	-1	1	1	1	1	0	-1	-1	1	0	0	1	0	1	1	-1	1	1	1	1	0	1	1	0	1	-1	1	1	1	1	1	-1	1	-1	-1	1	1	0	1	1	1	0	0	0	-1	1	1	1	1	1	0	1	1	1	1	1	1	1	1	1	1	-1	1	0	1	1	1	1	0	1	1	1	-1	1	0	0	0	0	0	0	1	0	0	0	-1	0	0	0	1	1	0	1	1	0	-1	0	1	1	1	1	1	1	0	0	-1	1	-1	1	1	-1	1	1	1	1	1	1	1	1	1	1	1	-1	1	1	1	1	1	1	0	0	0	0	1	1	1	1	1	1	1	1	1	0	1	1	1	1	1	1	1	0	-1	1	-1	1	1	1	1	1	1	1	0	1	1	1	1	-1	1	1	0	1	1	-1	1	0	0	1	1	1	1	1	1	1	1	1	1	1	1	1	0	0	0	0	1	1	-1	0	0	0	1	0	1	0	1	0	-1	0	0	1	1	0	0	1	0	0	1	1	0	1	1	0	1	1	0	0	1	0	0	-1	1	0	1	1	1	1	1	1	1	1	1	1	1	1	1	0	0	1	0	0	1	0	1	1	1	1	0	0	0	0	1	1	0	0	1	1	1	1	1	1	1	1	0	0	1	1	-1	1	1	1	1	1
14	2355751	0	0	1	1	0	-1	0	0	-1	-1	0	0	-1	-1	-1	0	0	1	1	0	-1	1	1	-1	0	0	1	0	-1	0	1	0	0	0	1	0	-1	1	1	0	-1	0	1	1	-1	-1	1	0	1	-1	-1	1	-1	-1	-1	-1	1	1	-1	1	1	1	-1	0	1	-1	0	1	-1	0	0	1	0	-1	-1	-1	1	0	-1	-1	-1	-1	-1	1	0	0	-1	-1	-1	0	0	-1	-1	-1	0	-1	1	-1	-1	-1	-1	-1	-1	0	1	1	-1	1	-1	-1	0	-1	-1	-1	-1	-1	1	1	-1	-1	0	0	0	-1	-1	-1	-1	-1	-1	-1	0	0	-1	-1	-1	-1	-1	1	-1	-1	-1	-1	0	0	1	0	1	-1	-1	-1	0	1	0	0	0	1	-1	-1	-1	1	-1	-1	-1	-1	-1	-1	-1	-1	-1	0	1	-1	-1	-1	-1	-1	-1	-1	-1	-1	-1	-1	-1	-1	-1	-1	-1	-1	-1	-1	-1	-1	-1	-1	-1	-1	-1	-1	-1	-1	-1	-1	-1	-1	-1	-1	-1	-1	-1	-1	-1	-1	1	0	1	1	1	0	1	0	0	1	0	-1	-1	0	0	0	-1	-1	1	0	1	1	-1	0	-1	-1	0	0	1	-1	1	1	1	1	-1	1	0	0	1	0	-1	1	1	1	-1	1	1	1	1	1	1	1	1	1	-1	0	0	0	-1	1	1	0	0	1	1	1	-1	0	1	1	0	-1	-1	0	-1	-1	1	0	-1	0	1	1	1	1	0	0	1	1	1	-1	-1	0	0	0	1	1	1	1	1	0	1	1	-1	1	1	0	1	0	1	0	1	-1	1	1	-1	0	0	0	0	1	1	-1	0	0	1	0	1	0	1	1	1	1	0	1	0	-1	0	-1	0	-1	-1	0	0	1	1	1	1	1	1	1	0	-1	0	-1	0	0	1	1	-1	-1	-1	-1	0	1	1	-1	1	1	1	1	0	1	1	1	0	1	0	-1	1	-1	-1	1	-1	1	1	-1	0	-1	0	0	0	1	1	0	0	1	1	1	1	1	1	1	-1	0	-1	-1	1	-1	0	-1	-1	1	1
14	2733656	1	-1	0	-1	0	0	-1	1	1	-1	-1	-1	-1	-1	0	1	-1	0	0	1	0	-1	0	-1	1	1	0	1	0	0	0	1	-1	1	1	1	-1	-1	1	0	0	0	0	0	-1	0	0	-1	1	-1	0	0	0	0	0	0	1	0	1	0	0	0	-1	0	-1	1	1	1	1	0	0	1	0	0	-1	0	1	-1	0	0	0	0	-1	1	0	-1	1	1	0	0	-1	-1	1	-1	0	0	0	0	1	1	1	0	0	-1	-1	1	-1	-1	0	0	0	0	0	0	0	0	0	0	0	0	-1	0	1	-1	-1	0	0	1	0	-1	0	-1	-1	-1	0	0	-1	1	0	0	0	0	0	0	0	-1	0	0	0	0	1	1	1	0	0	1	0	0	0	0	-1	0	0	0	1	1	-1	0	0	0	-1	0	0	1	1	0	-1	0	0	0	1	0	1	0	0	0	0	0	-1	0	0	0	0	0	1	1	0	1	0	0	0	0	0	-1	-1	1	0	0	0	0	0	1	1	0	0	0	0	-1	0	-1	0	0	0	-1	1	1	0	0	0	0	0	0	1	0	-1	0	1	1	0	0	0	-1	-1	0	0	1	1	1	1	-1	0	1	0	0	-1	0	0	0	0	0	0	0	0	0	0	0	1	0	0	0	0	0	0	0	1	0	0	0	-1	0	0	-1	0	0	0	0	0	0	1	1	0	1	0	0	1	0	0	1	1	1	1	1	0	0	0	0	0	0	0	1	1	0	0	0	0	0	-1	1	0	1	0	1	0	0	0	0	0	0	0	0	0	1	1	0	0	0	0	0	1	1	0	1	0	0	0	-1	1	0	1	0	0	0	0	0	1	1	0	1	0	0	0	1	-1	0	1	0	-1	0	0	0	-1	0	1	0	1	0	-1	0	0	0	0	0	1	0	0	0	0	1	0	-1	0	0	0	0	-1	0	0	-1	0	0	0	0	0	0	0	0	0	-1	0	0	0	0	0	0	0	1	-1	0	0	0	0	1	1	1	1
14	3046108	1	-1	1	0	1	0	1	1	1	1	0	-1	-1	1	-1	1	0	0	0	0	-1	-1	1	-1	0	1	1	1	-1	1	1	1	-1	0	0	0	0	1	0	0	0	0	-1	1	-1	-1	1	1	1	1	-1	1	-1	-1	-1	-1	1	0	-1	0	0	0	-1	1	0	-1	1	0	0	1	1	0	1	1	-1	-1	0	0	-1	-1	-1	-1	-1	1	1	-1	-1	-1	-1	0	0	-1	-1	-1	1	1	0	-1	-1	-1	-1	-1	1	0	1	1	1	0	-1	-1	1	-1	-1	-1	-1	1	0	0	-1	-1	-1	1	0	-1	-1	-1	-1	-1	-1	0	0	0	-1	-1	-1	-1	-1	0	-1	-1	-1	-1	0	0	0	-1	1	-1	-1	-1	1	-1	1	1	0	1	-1	-1	-1	0	-1	-1	-1	-1	-1	-1	-1	-1	-1	1	-1	-1	-1	-1	-1	-1	-1	-1	-1	-1	-1	-1	-1	-1	-1	-1	-1	-1	-1	-1	-1	-1	-1	-1	-1	-1	-1	-1	-1	-1	-1	-1	-1	-1	-1	-1	-1	-1	-1	-1	-1	-1	0	0	1	-1	1	-1	1	0	0	1	1	-1	-1	-1	1	1	1	-1	1	1	1	0	-1	1	-1	0	1	-1	1	-1	0	1	-1	0	0	0	1	-1	0	1	1	1	0	1	1	1	1	1	1	1	1	1	1	1	1	1	0	1	0	0	0	1	1	0	0	0	0	1	0	1	1	1	1	0	-1	-1	0	0	-1	1	0	0	1	-1	1	1	0	0	-1	-1	-1	0	1	0	1	0	0	0	0	1	0	-1	0	0	0	0	0	0	0	1	0	-1	0	0	-1	0	0	-1	-1	0	0	1	-1	-1	0	1	1	-1	0	1	1	0	0	1	0	0	1	-1	0	1	-1	1	1	1	0	1	0	-1	-1	0	0	-1	0	-1	1	-1	-1	0	-1	-1	0	1	0	0	-1	-1	0	1	1	1	0	0	0	0	1	1	0	-1	0	0	0	0	0	0	1	-1	1	-1	0	0	0	1	1	0	0	-1	0	-1	-1	0	0	0	-1	0	-1	-1	0	0	0	-1	-1	0	0
14	3126219	1	-1	1	-1	-1	-1	-1	-1	-1	-1	-1	-1	-1	-1	-1	-1	-1	-1	-1	-1	-1	-1	-1	-1	-1	-1	-1	0	0	-1	-1	-1	-1	-1	-1	-1	-1	-1	-1	1	-1	-1	-1	-1	-1	0	-1	-1	-1	-1	-1	-1	-1	0	0	-1	-1	-1	-1	-1	-1	-1	1	-1	-1	-1	-1	-1	-1	-1	-1	-1	-1	-1	-1	-1	-1	-1	-1	-1	-1	-1	-1	-1	-1	1	1	-1	-1	-1	-1	-1	0	-1	-1	-1	-1	1	-1	-1	-1	1	-1	-1	-1	-1	-1	-1	-1	-1	-1	1	-1	-1	0	-1	-1	-1	-1	-1	-1	-1	-1	1	-1	-1	0	0	-1	-1	-1	-1	0	1	1	-1	-1	-1	-1	-1	1	-1	-1	-1	-1	-1	-1	-1	-1	-1	-1	-1	-1	-1	-1	-1	-1	-1	-1	-1	-1	1	0	-1	0	-1	0	1	-1	-1	-1	-1	-1	1	0	-1	-1	-1	-1	-1	1	-1	-1	-1	-1	-1	1	-1	-1	-1	-1	-1	0	1	-1	0	1	0	-1	-1	-1	-1	-1	-1	0	1	0	1	-1	-1	-1	1	0	1	1	1	1	-1	-1	-1	1	1	0	-1	-1	-1	0	0	0	0	1	1	1	1	0	0	0	1	1	-1	1	0	-1	1	1	1	-1	0	1	1	0	-1	1	1	-1	1	1	1	1	1	1	1	1	1	1	1	-1	1	1	1	-1	1	1	0	0	-1	0	1	1	1	1	-1	1	1	-1	1	-1	-1	0	0	-1	1	1	0	1	-1	-1	-1	1	1	-1	-1	1	1	1	1	0	1	1	1	-1	1	1	1	0	1	1	0	-1	1	0	1	1	1	-1	1	0	1	1	-1	1	1	1	-1	-1	-1	1	1	1	-1	1	1	1	1	1	1	1	-1	1	-1	0	0	-1	-1	-1	0	1	1	1	0	0	1	-1	0	1	-1	-1	1	-1	1	-1	-1	1	-1	1	0	0	-1	0	1	1	-1	1	-1	1	1	0	1	1	1	0	-1	1	0	1	0	1	-1	1	-1	0	-1	0	1	1	0	0	-1	1	-1	1	1	1	1	1	-1	0	-1	1	-1	1	-1	-1	-1	1
