ID1,score1,score2,score,individual,date,village,compound,cluster,season,cycle
J0010103_1412,1,NA,1,J0010103,2014-12-01,J,J001,01,wet,1
J0010107_1511,0.39954,0.17973,0.39954,J0010107,2015-11-01,J,J001,00,wet,2
J0010112_1511,0.87982,8e-05,0.87982,J0010112,2015-11-01,J,J001,01,wet,2
J0010118_1506,0.5743,0.03768,0.5743,J0010118,2015-06-01,J,J001,02,dry,1
J0010120_1412,0.40931,-1,0.40931,J0010120,2014-12-01,J,J001,01,wet,1
J0010129_1412,0.39165,0.24986,0.39165,J0010129,2014-12-01,J,J001,00,wet,1
J0020202_1412,0.7198,0.21176,0.7198,J0020202,2014-12-01,J,J002,01,wet,1
J0020208_1412,0.58531,0.23816,0.58531,J0020208,2014-12-01,J,J002,03,wet,1
J0020301_1412,0.50634,0.16953,0.50634,J0020301,2014-12-01,J,J002,01,wet,1
J0020302_1506,0.57402,0.16148,0.57402,J0020302,2015-06-01,J,J002,01,dry,1
J0020310_1512,0.64246,0.18025,0.64246,J0020310,2015-12-01,J,J002,01,wet,2
J0020313_1412,0.42926,0.02117,0.42926,J0020313,2014-12-01,J,J002,00,wet,1
J0020322_1511,0.47463,0.17819,0.47463,J0020322,2015-11-01,J,J002,00,wet,2
J0030407_1512,0.80312,0.50634,0.80312,J0030407,2015-12-01,J,J003,01,wet,2
J0030409_1610,1,0.42926,1,J0030409,2016-10-01,J,J003,01,wet,3
J0030417_1412,0.96273,0.2236,0.96273,J0030417,2014-12-01,J,J003,01,wet,1
J0040504_1511,0.39084,0.01449,0.39084,J0040504,2015-11-01,J,J004,00,wet,2
J0050605_1511,0.50861,0.399,0.50861,J0050605,2015-11-01,J,J005,01,wet,2
J0050607_1412,0.9447,0.34029,0.9447,J0050607,2014-12-01,J,J005,05,wet,1
J0050611_1611,1,0.29448,1,J0050611,2016-11-01,J,J005,01,wet,3
J0050616_1512,0.45595,0.30155,0.45595,J0050616,2015-12-01,J,J005,00,wet,2
J0050617_1611,0.97263,0.52728,0.97263,J0050617,2016-11-01,J,J005,03,wet,3
J0050618_1610,0.64678,0.64678,0.64678,J0050618,2016-10-01,J,J005,01,wet,3
J0060701_1511,1,0.69278,1,J0060701,2015-11-01,J,J006,01,wet,2
J0070804_1610,0.8923,0.62801,0.8923,J0070804,2016-10-01,J,J007,01,wet,3
J0080906_1511,1,0.33373,1,J0080906,2015-11-01,J,J008,01,wet,2
J0091005_1603,0.44735,0.39084,0.44735,J0091005,2016-03-01,J,J009,00,dry,2
J0111201_1412,0.99686,0.00186,0.99686,J0111201,2014-12-01,J,J011,01,wet,1
J0111208_1610,0.87421,1,1,J0111208,2016-10-01,J,J011,01,wet,3
J0111209_1412,0.48592,0.9447,0.9447,J0111209,2014-12-01,J,J011,05,wet,1
J0111211_1412,0.95916,0.38198,0.95916,J0111211,2014-12-01,J,J011,01,wet,1
J0121309_1412,0.73752,0.30437,0.73752,J0121309,2014-12-01,J,J012,01,wet,1
J0131403_1511,1,0.6843,1,J0131403,2015-11-01,J,J013,01,wet,2
J0131404_1511,0.40541,0.27789,0.40541,J0131404,2015-11-01,J,J013,00,wet,2
J0131406_1512,0.41974,0.41544,0.41974,J0131406,2015-12-01,J,J013,00,wet,2
J0141503_1511,0.83644,0.44977,0.83644,J0141503,2015-11-01,J,J014,06,wet,2
J0141506_1506,1,0.28795,1,J0141506,2015-06-01,J,J014,07,dry,1
J0141506_1511,0.35714,0.83644,0.83644,J0141506,2015-11-01,J,J014,06,wet,2
J0141509_1412,0.4186,1,1,J0141509,2014-12-01,J,J014,07,wet,1
J0151609_1512,0.70912,0.34785,0.70912,J0151609,2015-12-01,J,J015,01,wet,2
J0151612_1511,0.94952,1,1,J0151612,2015-11-01,J,J015,01,wet,2
J0151616_1412,1,0.30091,1,J0151616,2014-12-01,J,J015,01,wet,1
J0161702_1603,0.39733,0.33666,0.39733,J0161702,2016-03-01,J,J016,00,dry,2
J0161708_1412,0.77281,0.7198,0.77281,J0161708,2014-12-01,J,J016,01,wet,1
J0161711_1603,0.41451,0.31543,0.41451,J0161711,2016-03-01,J,J016,00,dry,2
J0171802_1611,0.36989,0.97263,0.97263,J0171802,2016-11-01,J,J017,03,wet,3
J0171803_1511,0.34722,0.51812,0.51812,J0171803,2015-11-01,J,J017,06,wet,2
J0171804_1412,0.58165,0.4011,0.58165,J0171804,2014-12-01,J,J017,02,wet,1
J0171804_1610,0.44823,0.8923,0.8923,J0171804,2016-10-01,J,J017,01,wet,3
J0171805_1611,0.38291,0.23252,0.38291,J0171805,2016-11-01,J,J017,01,wet,3
J0171806_1511,0.47785,0.38996,0.47785,J0171806,2015-11-01,J,J017,00,wet,2
J0181907_1412,0.88325,0.39377,0.88325,J0181907,2014-12-01,J,J018,01,wet,1
J0181910_1511,0.69828,0.66897,0.69828,J0181910,2015-11-01,J,J018,01,wet,2
J0181911_1611,0.38805,0.87421,0.87421,J0181911,2016-11-01,J,J018,01,wet,3
J0181912_1412,0.61686,0.53438,0.61686,J0181912,2014-12-01,J,J018,01,wet,1
J0202107_1412,0.42235,1,1,J0202107,2014-12-01,J,J020,01,wet,1
J0212203_1412,0.47217,0.54789,0.54789,J0212203,2014-12-01,J,J021,01,wet,1
J0222301_1511,1,0.7033,1,J0222301,2015-11-01,J,J022,01,wet,2
J0222306_1412,0.68987,0.68987,0.68987,J0222306,2014-12-01,J,J022,01,wet,1
J0232404_1511,1,0.34533,1,J0232404,2015-11-01,J,J023,01,wet,2
J0232410_1511,0.94936,0.85038,0.94936,J0232410,2015-11-01,J,J023,01,wet,2
J0242509_1611,1,0.46222,1,J0242509,2016-11-01,J,J024,01,wet,3
J0242517_1611,0.47809,0.24491,0.47809,J0242517,2016-11-01,J,J024,00,wet,3
J0242520_1412,0.94756,0.95916,0.95916,J0242520,2014-12-01,J,J024,01,wet,1
J0252609_1412,0.67461,0.58404,0.67461,J0252609,2014-12-01,J,J025,01,wet,1
J0252610_1611,0.49798,0.38805,0.49798,J0252610,2016-11-01,J,J025,01,wet,3
J0252620_1511,0.49749,0.48496,0.49749,J0252620,2015-11-01,J,J025,00,wet,2
J0262707_1412,0.34363,0.36744,0.36744,J0262707,2014-12-01,J,J026,08,wet,1
J0262710_1511,0.70735,0.48194,0.70735,J0262710,2015-11-01,J,J026,01,wet,2
J0262712_1412,0.76709,0.77281,0.77281,J0262712,2014-12-01,J,J026,01,wet,1
J0262723_1511,0.97118,0.46869,0.97118,J0262723,2015-11-01,J,J026,09,wet,2
J0262731_1412,0.64301,0.96273,0.96273,J0262731,2014-12-01,J,J026,01,wet,1
J0262739_1412,0.41151,0.39653,0.41151,J0262739,2014-12-01,J,J026,00,wet,1
J0262744_1611,1,1,1,J0262744,2016-11-01,J,J026,01,wet,3
J0272802_1412,0.5643,0.9589,0.9589,J0272802,2014-12-01,J,J027,01,wet,1
J0272803_1512,0.8154,0.5621,0.8154,J0272803,2015-12-01,J,J027,01,wet,2
J0272804_1511,0.69968,0.54686,0.69968,J0272804,2015-11-01,J,J027,01,wet,2
J0272805_1412,0.51951,0.4186,0.51951,J0272805,2014-12-01,J,J027,01,wet,1
J0272809_1611,0.97053,1,1,J0272809,2016-11-01,J,J027,01,wet,3
J0272810_1506,0.85096,0.24131,0.85096,J0272810,2015-06-01,J,J027,02,dry,1
J0272812_1611,0.94338,1,1,J0272812,2016-11-01,J,J027,01,wet,3
J0272813_1610,0.88754,0.9744,0.9744,J0272813,2016-10-01,J,J027,01,wet,3
J0272815_1611,0.60787,0.90757,0.90757,J0272815,2016-11-01,J,J027,01,wet,3
J0282915_1511,0.89452,0.42786,0.89452,J0282915,2015-11-01,J,J028,01,wet,2
K0010101_1611,1,0.46813,1,K0010101,2016-11-01,K,K001,01,wet,3
K0010105_1412,0.67179,0.37149,0.67179,K0010105,2014-12-01,K,K001,01,wet,1
K0010105_1504,0.8868,0.51361,0.8868,K0010105,2015-04-01,K,K001,01,dry,1
K0010105_1506,0.44209,0.8868,0.8868,K0010105,2015-06-01,K,K001,01,dry,1
K0010105_1607,0.7892,0.36467,0.7892,K0010105,2016-07-01,K,K001,10,dry,2
K0020203_1511,0.95797,0.94936,0.95797,K0020203,2015-11-01,K,K002,01,wet,2
K0020204_1512,0.3589,0.88325,0.88325,K0020204,2015-12-01,K,K002,01,wet,2
K0022008_1512,0.39222,0.35375,0.39222,K0022008,2015-12-01,K,K002,00,wet,2
K0030301_1504,0.60528,0.71545,0.71545,K0030301,2015-04-01,K,K003,01,dry,1
K0030302_1511,0.54043,0.51502,0.54043,K0030302,2015-11-01,K,K003,01,wet,2
K0030302_1610,1,0.40191,1,K0030302,2016-10-01,K,K003,11,wet,3
K0030302_1611,0.69578,0.69968,0.69968,K0030302,2016-11-01,K,K003,01,wet,3
K0030302_1612,0.47563,0.29412,0.47563,K0030302,2016-12-01,K,K003,00,wet,3
K0030303_1511,0.85507,0.87982,0.87982,K0030303,2015-11-01,K,K003,01,wet,2
K0030303_1512,0.81354,0.33314,0.81354,K0030303,2015-12-01,K,K003,01,wet,2
K0030303_1603,0.52455,0.64048,0.64048,K0030303,2016-03-01,K,K003,01,dry,2
K0030303_1607,0.38862,0.81354,0.81354,K0030303,2016-07-01,K,K003,01,dry,2
K0030303_1612,1,1,1,K0030303,2016-12-01,K,K003,01,wet,3
K0030305_1511,0.58021,0.66259,0.66259,K0030305,2015-11-01,K,K003,01,wet,2
K0050502_1512,0.69864,0.47723,0.69864,K0050502,2015-12-01,K,K005,01,wet,2
K0050508_1603,0.37288,0.40634,0.40634,K0050508,2016-03-01,K,K005,00,dry,2
K0050512_1611,0.62414,0.34137,0.62414,K0050512,2016-11-01,K,K005,12,wet,3
K0050516_1511,0.41132,0.46797,0.46797,K0050516,2015-11-01,K,K005,00,wet,2
K0060609_1511,0.9565,0.75458,0.9565,K0060609,2015-11-01,K,K006,01,wet,2
K0060614_1511,0.41318,0.97118,0.97118,K0060614,2015-11-01,K,K006,09,wet,2
K0060617_1511,0.78935,0.68436,0.78935,K0060617,2015-11-01,K,K006,01,wet,2
K0060617_1512,0.87,0.69578,0.87,K0060617,2015-12-01,K,K006,01,wet,2
K0060617_1603,0.52162,0.70912,0.70912,K0060617,2016-03-01,K,K006,01,dry,2
K0060617_1605,0.64094,0.42713,0.64094,K0060617,2016-05-01,K,K006,01,dry,2
K0060617_1607,0.56934,0.49512,0.56934,K0060617,2016-07-01,K,K006,01,dry,2
K0070713_1610,0.92472,0.92709,0.92709,K0070713,2016-10-01,K,K007,01,wet,3
K0070714_1611,0.40703,0.37624,0.40703,K0070714,2016-11-01,K,K007,01,wet,3
K0080809_1612,0.89362,0.31107,0.89362,K0080809,2016-12-01,K,K008,01,wet,3
K0090903_1511,0.73352,0.40402,0.73352,K0090903,2015-11-01,K,K009,01,wet,2
K0090903_1512,0.83255,0.73352,0.83255,K0090903,2015-12-01,K,K009,01,wet,2
K0090903_1603,0.78948,0.66447,0.78948,K0090903,2016-03-01,K,K009,01,dry,2
K0090903_1605,0.72511,0.89452,0.89452,K0090903,2016-05-01,K,K009,01,dry,2
K0090905_1607,0.75039,0.49462,0.75039,K0090905,2016-07-01,K,K009,13,dry,2
K0090906_1504,0.67199,0.67028,0.67199,K0090906,2015-04-01,K,K009,01,dry,1
K0090906_1506,0.47792,0.34717,0.47792,K0090906,2015-06-01,K,K009,00,dry,1
K0101005_1512,0.46106,0.38907,0.46106,K0101005,2015-12-01,K,K010,00,wet,2
K0101007_1412,0.64945,0.71884,0.71884,K0101007,2014-12-01,K,K010,01,wet,1
K0111111_1611,0.51907,0.2787,0.51907,K0111111,2016-11-01,K,K011,01,wet,3
K0141403_1504,0.49789,0.60287,0.60287,K0141403,2015-04-01,K,K014,01,dry,1
K0141403_1511,0.4007,0.99686,0.99686,K0141403,2015-11-01,K,K014,01,wet,2
K0141403_1512,0.64907,0.59253,0.64907,K0141403,2015-12-01,K,K014,01,wet,2
K0141404_1511,0.81085,0.78935,0.81085,K0141404,2015-11-01,K,K014,01,wet,2
K0151503_1412,0.82671,0.94952,0.94952,K0151503,2014-12-01,K,K015,01,wet,1
K0151508_1612,0.44338,0.46106,0.46106,K0151508,2016-12-01,K,K015,00,wet,3
K0151509_1610,0.47446,0.35571,0.47446,K0151509,2016-10-01,K,K015,01,wet,3
K0151511_1610,0.95027,1,1,K0151511,2016-10-01,K,K015,11,wet,3
K0151512_1412,1,0.43112,1,K0151512,2014-12-01,K,K015,01,wet,1
K0161621_1506,0.36009,0.63218,0.63218,K0161621,2015-06-01,K,K016,01,dry,1
K0171707_1412,0.85755,0.90811,0.90811,K0171707,2014-12-01,K,K017,01,wet,1
K0171716_1612,0.27072,0.30193,0.30193,K0171716,2016-12-01,K,K017,01,wet,3
K0171722_1512,0.42151,0.28151,0.42151,K0171722,2015-12-01,K,K017,00,wet,2
K0171723_1412,0.58475,0.85755,0.85755,K0171723,2014-12-01,K,K017,01,wet,1
K0171724_1611,0.46945,0.46631,0.46945,K0171724,2016-11-01,K,K017,01,wet,3
K0171728_1512,0.88791,0.80065,0.88791,K0171728,2015-12-01,K,K017,01,wet,2
K0171728_1605,0.9439,0.85055,0.9439,K0171728,2016-05-01,K,K017,01,dry,2
K0171730_1603,0.85134,0.73831,0.85134,K0171730,2016-03-01,K,K017,01,dry,2
K0171732_1511,1,0.95541,1,K0171732,2015-11-01,K,K017,01,wet,2
K0171732_1512,1,1,1,K0171732,2015-12-01,K,K017,01,wet,2
K0171732_1612,0.53679,0.29753,0.53679,K0171732,2016-12-01,K,K017,14,wet,3
K0171738_1412,0.85523,1,1,K0171738,2014-12-01,K,K017,01,wet,1
K0171742_1612,0.39267,0.41166,0.41166,K0171742,2016-12-01,K,K017,15,wet,3
K0181809_1512,0.62524,0.85096,0.85096,K0181809,2015-12-01,K,K018,02,wet,2
K0181810_1412,0.43033,0.76709,0.76709,K0181810,2014-12-01,K,K018,01,wet,1
K0181810_1612,0.67764,0.43929,0.67764,K0181810,2016-12-01,K,K018,01,wet,3
K0191907_1511,0.30354,0.38482,0.38482,K0191907,2015-11-01,K,K019,00,wet,2
K0202002_1512,0.85434,0.34772,0.85434,K0202002,2015-12-01,K,K020,01,wet,2
K0202008_1605,0.37132,0.45222,0.45222,K0202008,2016-05-01,K,K020,00,dry,2
K0212102_1512,0.59317,0.85434,0.85434,K0212102,2015-12-01,K,K021,01,wet,2
K0212109_1504,0.5183,0.42871,0.5183,K0212109,2015-04-01,K,K021,01,dry,1
K0212110_1512,0.70437,0.73685,0.73685,K0212110,2015-12-01,K,K021,01,wet,2
K0212205_1603,0.42433,0.47441,0.47441,K0212205,2016-03-01,K,K021,01,dry,2
K0222204_1506,0.2907,0.83255,0.83255,K0222204,2015-06-01,K,K022,01,dry,1
K0222208_1611,0.71097,0.37527,0.71097,K0222208,2016-11-01,K,K022,16,wet,3
K0222213_1612,0.43222,0.38606,0.43222,K0222213,2016-12-01,K,K022,00,wet,3
K0222315_1511,0.89168,0.85507,0.89168,K0222315,2015-11-01,K,K022,01,wet,2
K0232412_1612,0.29299,0.44434,0.44434,K0232412,2016-12-01,K,K023,17,wet,3
K0242508_1412,0.72788,0.93926,0.93926,K0242508,2014-12-01,K,K024,01,wet,1
K0242508_1512,0.71478,0.76904,0.76904,K0242508,2015-12-01,K,K024,01,wet,2
K0242508_1605,0.53715,0.6314,0.6314,K0242508,2016-05-01,K,K024,01,dry,2
K0242508_1607,0.49902,0.67764,0.67764,K0242508,2016-07-01,K,K024,01,dry,2
K0242512_1607,0.41754,0.41975,0.41975,K0242512,2016-07-01,K,K024,00,dry,2
K0242515_1412,0.26433,0.18986,0.26433,K0242515,2014-12-01,K,K024,00,wet,1
K0252706_1506,0.70353,0.81347,0.81347,K0252706,2015-06-01,K,K025,01,dry,1
K0252713_1512,0.82363,0.66022,0.82363,K0252713,2015-12-01,K,K025,01,wet,2
K0252717_1511,0.37508,0.41754,0.41754,K0252717,2015-11-01,K,K025,18,wet,2
K0252724_1412,0.38571,0.44735,0.44735,K0252724,2014-12-01,K,K025,00,wet,1
K0252808_1611,0.57189,0.48592,0.57189,K0252808,2016-11-01,K,K025,01,wet,3
K0262902_1511,0.69707,1,1,K0262902,2015-11-01,K,K026,01,wet,2
K0262913_1611,0.30592,0.44334,0.44334,K0262913,2016-11-01,K,K026,00,wet,3
K0262922_1612,0.35666,0.41151,0.41151,K0262922,2016-12-01,K,K026,19,wet,3
K0262932_1611,0.47832,0.46974,0.47832,K0262932,2016-11-01,K,K026,00,wet,3
K0262935_1612,0.77606,0.77606,0.77606,K0262935,2016-12-01,K,K026,01,wet,3
K0262939_1412,0.45364,0.42582,0.45364,K0262939,2014-12-01,K,K026,00,wet,1
K0262940_1511,0.46095,0.42932,0.46095,K0262940,2015-11-01,K,K026,01,wet,2
K0262940_1612,0.50501,0.50884,0.50884,K0262940,2016-12-01,K,K026,01,wet,3
K0263004_1511,1,0.7892,1,K0263004,2015-11-01,K,K026,10,wet,2
K0263008_1612,0.41143,0.50723,0.50723,K0263008,2016-12-01,K,K026,01,wet,3
K0263111_1612,0.33345,0.46095,0.46095,K0263111,2016-12-01,K,K026,00,wet,3
K0273207_1511,0.31324,0.44854,0.44854,K0273207,2015-11-01,K,K027,20,wet,2
K0283310_1511,0.41065,0.5311,0.5311,K0283310,2015-11-01,K,K028,01,wet,2
K0283406_1512,0.44579,1,1,K0283406,2015-12-01,K,K028,01,wet,2
K0303507_1603,0.44717,0.64227,0.64227,K0303507,2016-03-01,K,K030,01,dry,2
K0303507_1605,0.44109,0.6303,0.6303,K0303507,2016-05-01,K,K030,01,dry,2
K0323702_1611,1,0.2742,1,K0323702,2016-11-01,K,K032,21,wet,3
K0323719_1511,0.49116,0.52162,0.52162,K0323719,2015-11-01,K,K032,01,wet,2
K0323725_1511,0.67286,1,1,K0323725,2015-11-01,K,K032,01,wet,2
K0323730_1511,0.71197,0.67617,0.71197,K0323730,2015-11-01,K,K032,01,wet,2
K0344032_1512,0.708,0.69864,0.708,K0344032,2015-12-01,K,K034,01,wet,2
K0344102_1511,0.67312,0.61615,0.67312,K0344102,2015-11-01,K,K034,01,wet,2
K0344111_1511,0.621,1,1,K0344111,2015-11-01,K,K034,01,wet,2
K0364309_1511,0.45726,0.72511,0.72511,K0364309,2015-11-01,K,K036,01,wet,2
K0364311_1511,0.51824,0.40056,0.51824,K0364311,2015-11-01,K,K036,01,wet,2
K0364312_1511,0.32453,0.48465,0.48465,K0364312,2015-11-01,K,K036,00,wet,2
K0364312_1607,0.48149,0.75039,0.75039,K0364312,2016-07-01,K,K036,13,dry,2
K0364312_1612,0.57261,0.50878,0.57261,K0364312,2016-12-01,K,K036,01,wet,3
K0364314_1612,0.34843,0.41974,0.41974,K0364314,2016-12-01,K,K036,22,wet,3
K0364319_1511,0.35912,0.38571,0.38571,K0364319,2015-11-01,K,K036,00,wet,2
K0364319_1612,0.45954,0.48513,0.48513,K0364319,2016-12-01,K,K036,00,wet,3
K0364324_1612,0.5145,0.39436,0.5145,K0364324,2016-12-01,K,K036,01,wet,3
K0364329_1511,1,0.96749,1,K0364329,2015-11-01,K,K036,01,wet,2
K0374406_1612,0.27665,0.39267,0.39267,K0374406,2016-12-01,K,K037,00,wet,3
K0374408_1412,0.36516,0.66372,0.66372,K0374408,2014-12-01,K,K037,01,wet,1
K0374413_1611,0.50379,0.69417,0.69417,K0374413,2016-11-01,K,K037,01,wet,3
K0374502_1412,0.42405,0.6663,0.6663,K0374502,2014-12-01,K,K037,01,wet,1
K0374502_1612,0.28603,0.46974,0.46974,K0374502,2016-12-01,K,K037,00,wet,3
K0384602_1512,0.43714,0.87,0.87,K0384602,2015-12-01,K,K038,01,wet,2
K0384604_1511,0.47255,0.49116,0.49116,K0384604,2015-11-01,K,K038,00,wet,2
K0384611_1612,0.30307,0.41027,0.41027,K0384611,2016-12-01,K,K038,00,wet,3
K0394906_1611,1,1,1,K0394906,2016-11-01,K,K039,01,wet,3
K0394917_1611,0.36709,0.62524,0.62524,K0394917,2016-11-01,K,K039,02,wet,3
K0394923_1610,1,1,1,K0394923,2016-10-01,K,K039,01,wet,3
K0394934_1610,0.21232,0.9562,0.9562,K0394934,2016-10-01,K,K039,11,wet,3
K0394938_1611,0.31084,0.58021,0.58021,K0394938,2016-11-01,K,K039,01,wet,3
K0405016_1611,0.18307,0.32058,0.32058,K0405016,2016-11-01,K,K040,00,wet,3
K0415109_1603,0.32855,0.81085,0.81085,K0415109,2016-03-01,K,K041,01,dry,2
K0425208_1512,0.35994,0.75148,0.75148,K0425208,2015-12-01,K,K042,01,wet,2
K0425208_1605,0.47525,0.51281,0.51281,K0425208,2016-05-01,K,K042,06,dry,2
K0425216_1511,0.15988,0.69707,0.69707,K0425216,2015-11-01,K,K042,01,wet,2
N0050505_1610,0.30969,0.67527,0.67527,N0050505,2016-10-01,N,N005,01,wet,3
N0111111_1607,0.56098,0.60246,0.60246,N0111111,2016-07-01,N,N011,01,dry,2
N0111112_1610,0.40314,0.48149,0.48149,N0111112,2016-10-01,N,N011,00,wet,3
N0111114_1611,0.19916,0.33345,0.33345,N0111114,2016-11-01,N,N011,01,wet,3
N0121205_1611,0.37012,0.30623,0.37012,N0121205,2016-11-01,N,N012,00,wet,3
N0131303_1612,0.44697,0.42151,0.44697,N0131303,2016-12-01,N,N013,00,wet,3
N0131310_1611,0.3434,0.71097,0.71097,N0131310,2016-11-01,N,N013,16,wet,3
N0131318_1611,0.57148,0.31324,0.57148,N0131318,2016-11-01,N,N013,01,wet,3
N0131323_1610,0.21881,0.45954,0.45954,N0131323,2016-10-01,N,N013,00,wet,3
N0141403_1612,0.34732,0.61779,0.61779,N0141403,2016-12-01,N,N014,01,wet,3
P0010104_1611,0.34575,0.47446,0.47446,P0010104,2016-11-01,P,P001,00,wet,3
P0010112_1611,0.94149,0.94149,0.94149,P0010112,2016-11-01,P,P001,01,wet,3
P0010116_1607,0.7596,0.71585,0.7596,P0010116,2016-07-01,P,P001,01,dry,2
P0010121_1607,0.50498,0.67312,0.67312,P0010121,2016-07-01,P,P001,01,dry,2
P0010121_1611,0.2169,0.53679,0.53679,P0010121,2016-11-01,P,P001,14,wet,3
P0010126_1611,0.85653,0.4707,0.85653,P0010126,2016-11-01,P,P001,24,wet,3
P0010127_1610,0.56219,0.3847,0.56219,P0010127,2016-10-01,P,P001,01,wet,3
P0010137_1610,0.39116,1,1,P0010137,2016-10-01,P,P001,01,wet,3
P0020206_1607,0.51456,0.5392,0.5392,P0020206,2016-07-01,P,P002,01,dry,2
P0020208_1607,0.70443,1,1,P0020208,2016-07-01,P,P002,01,dry,2
P0020213_1612,0.28644,0.41654,0.41654,P0020213,2016-12-01,P,P002,01,wet,3
P0020214_1607,0.33245,0.47071,0.47071,P0020214,2016-07-01,P,P002,00,dry,2
P0020214_1612,0.40384,0.53531,0.53531,P0020214,2016-12-01,P,P002,01,wet,3
P0020215_1607,0.4667,0.47672,0.47672,P0020215,2016-07-01,P,P002,00,dry,2
P0020215_1612,0.58327,0.46204,0.58327,P0020215,2016-12-01,P,P002,01,wet,3
P0030304_1607,0.33553,0.44064,0.44064,P0030304,2016-07-01,P,P003,00,dry,2
P0050504_1611,0.24174,0.31552,0.31552,P0050504,2016-11-01,P,P005,00,wet,3
P0050514_1611,1,0.49798,1,P0050514,2016-11-01,P,P005,25,wet,3
P0060606_1607,0.33671,0.708,0.708,P0060606,2016-07-01,P,P006,01,dry,2
P0060609_1611,0.52542,0.53575,0.53575,P0060609,2016-11-01,P,P006,01,wet,3
P0060616_1611,0.35032,0.46631,0.46631,P0060616,2016-11-01,P,P006,00,wet,3
P0060620_1611,0.85338,0.77738,0.85338,P0060620,2016-11-01,P,P006,01,wet,3
P0060622_1611,0.4956,0.50501,0.50501,P0060622,2016-11-01,P,P006,01,wet,3
P0060623_1607,1,1,1,P0060623,2016-07-01,P,P006,10,dry,2
P0060623_1612,0.31677,0.89362,0.89362,P0060623,2016-12-01,P,P006,01,wet,3
P0070701_1611,0.1641,1,1,P0070701,2016-11-01,P,P007,21,wet,3
P0070705_1611,0.37608,0.62414,0.62414,P0070705,2016-11-01,P,P007,12,wet,3
P0070707_1610,0.56389,0.58327,0.58327,P0070707,2016-10-01,P,P007,01,wet,3
P0070710_1607,0.63512,0.9565,0.9565,P0070710,2016-07-01,P,P007,01,dry,2
P0070711_1611,0.26798,0.57189,0.57189,P0070711,2016-11-01,P,P007,01,wet,3
P0070722_1612,1,0.85653,1,P0070722,2016-12-01,P,P007,24,wet,3
P0070724_1610,0.5434,0.57148,0.57148,P0070724,2016-10-01,P,P007,01,wet,3
P0080805_1612,0.75331,0.70443,0.75331,P0080805,2016-12-01,P,P008,01,wet,3
P0080824_1607,0.20447,0.53215,0.53215,P0080824,2016-07-01,P,P008,01,dry,2
P0080836_1612,0.39094,1,1,P0080836,2016-12-01,P,P008,24,wet,3
P0080840_1611,0.87075,0.87075,0.87075,P0080840,2016-11-01,P,P008,01,wet,3
P0080842_1607,0.87589,0.9439,0.9439,P0080842,2016-07-01,P,P008,01,dry,2
P0080842_1612,0.45514,0.75331,0.75331,P0080842,2016-12-01,P,P008,01,wet,3
P0080843_1611,1,1,1,P0080843,2016-11-01,P,P008,25,wet,3
P0080854_1611,0.22572,1,1,P0080854,2016-11-01,P,P008,01,wet,3
P0080858_1607,0.35316,0.62994,0.62994,P0080858,2016-07-01,P,P008,01,dry,2
P0080867_1607,0.25862,0.87589,0.87589,P0080867,2016-07-01,P,P008,01,dry,2
P0080880_1612,0.01167,0.45364,0.45364,P0080880,2016-12-01,P,P008,01,wet,3
P0090904_1610,0.46487,0.5434,0.5434,P0090904,2016-10-01,P,P009,01,wet,3
P0111104_1611,0.037,1,1,P0111104,2016-11-01,P,P011,25,wet,3
P0111106_1611,5e-05,0.34902,0.34902,P0111106,2016-11-01,P,P011,00,wet,3
P0121204_1612,NA,1,1,P0121204,2016-12-01,P,P012,10,wet,3
